incident_id,occurred_at,reported_at,category,subcategory,description,severity,status,latitude,longitude,state_code,district_code,station_code,source_dataset_id
DEMO-006905,2026-01-04T18:00:00,2026-01-04T20:00:00,Theft,Fictional,SYNTHETIC: no real incident,high,demo,12.971682,77.599269,KA,Bengaluru,DEMO-STATION-1,synthetic-generator-v1
DEMO-006906,2026-01-03T12:00:00,2026-01-03T14:00:00,Fraud,Fictional,SYNTHETIC: no real incident,medium,demo,12.972649,77.599585,KA,Bengaluru,DEMO-STATION-1,synthetic-generator-v1
DEMO-006908,2026-01-01T01:00:00,2026-01-01T03:00:00,Fraud,Fictional,SYNTHETIC: no real incident,critical,demo,12.97601,77.594454,KA,Bengaluru,DEMO-STATION-1,synthetic-generator-v1
DEMO-006910,2026-01-04T06:00:00,2026-01-04T08:00:00,Burglary,Fictional,SYNTHETIC: no real incident,critical,demo,12.968488,77.598437,KA,Bengaluru,DEMO-STATION-1,synthetic-generator-v1
DEMO-006911,2026-01-01T14:00:00,2026-01-01T16:00:00,Burglary,Fictional,SYNTHETIC: no real incident,critical,demo,12.975366,77.594066,KA,Bengaluru,DEMO-STATION-1,synthetic-generator-v1
DEMO-006912,2026-01-04T22:00:00,2026-01-05T00:00:00,Burglary,Fictional,SYNTHETIC: no real incident,critical,demo,12.976433,77.592358,KA,Bengaluru,DEMO-STATION-1,synthetic-generator-v1
DEMO-006914,2026-01-02T09:00:00,2026-01-02T11:00:00,Theft,Fictional,SYNTHETIC: no real incident,critical,demo,12.297427,76.636578,KA,Mysuru,DEMO-STATION-2,synthetic-generator-v1
DEMO-006915,2026-01-02T04:00:00,2026-01-02T06:00:00,Theft,Fictional,SYNTHETIC: no real incident,low,demo,12.291039,76.643038,KA,Mysuru,DEMO-STATION-2,synthetic-generator-v1
DEMO-006917,2026-01-02T17:00:00,2026-01-02T19:00:00,Fraud,Fictional,SYNTHETIC: no real incident,medium,demo,12.292036,76.637354,KA,Mysuru,DEMO-STATION-2,synthetic-generator-v1
DEMO-006918,2026-01-04T04:00:00,2026-01-04T06:00:00,Burglary,Fictional,SYNTHETIC: no real incident,low,demo,12.300197,76.641866,KA,Mysuru,DEMO-STATION-2,synthetic-generator-v1
DEMO-006920,2026-01-03T03:00:00,2026-01-03T05:00:00,Burglary,Fictional,SYNTHETIC: no real incident,critical,demo,12.291859,76.640851,KA,Mysuru,DEMO-STATION-2,synthetic-generator-v1
DEMO-006921,2026-01-04T12:00:00,2026-01-04T14:00:00,Burglary,Fictional,SYNTHETIC: no real incident,low,demo,12.294601,76.640614,KA,Mysuru,DEMO-STATION-2,synthetic-generator-v1
DEMO-006922,2026-01-04T17:00:00,2026-01-04T19:00:00,Theft,Fictional,SYNTHETIC: no real incident,low,demo,12.917227,74.853327,KA,Mangaluru,DEMO-STATION-3,synthetic-generator-v1
DEMO-006923,2026-01-03T13:00:00,2026-01-03T15:00:00,Theft,Fictional,SYNTHETIC: no real incident,high,demo,12.916629,74.852869,KA,Mangaluru,DEMO-STATION-3,synthetic-generator-v1
DEMO-006924,2026-01-04T19:00:00,2026-01-04T21:00:00,Fraud,Fictional,SYNTHETIC: no real incident,medium,demo,12.913322,74.851997,KA,Mangaluru,DEMO-STATION-3,synthetic-generator-v1
DEMO-006925,2026-01-01T21:00:00,2026-01-01T23:00:00,Burglary,Fictional,SYNTHETIC: no real incident,critical,demo,12.913581,74.851348,KA,Mangaluru,DEMO-STATION-3,synthetic-generator-v1
DEMO-006927,2026-01-03T15:00:00,2026-01-03T17:00:00,Burglary,Fictional,SYNTHETIC: no real incident,medium,demo,12.909832,74.857616,KA,Mangaluru,DEMO-STATION-3,synthetic-generator-v1
DEMO-006928,2026-01-03T10:00:00,2026-01-03T12:00:00,Theft,Fictional,SYNTHETIC: no real incident,medium,demo,15.366207,75.124159,KA,Hubballi,DEMO-STATION-4,synthetic-generator-v1
DEMO-006929,2026-01-04T09:00:00,2026-01-04T11:00:00,Theft,Fictional,SYNTHETIC: no real incident,critical,demo,15.361083,75.126737,KA,Hubballi,DEMO-STATION-4,synthetic-generator-v1
DEMO-006930,2026-01-03T06:00:00,2026-01-03T08:00:00,Theft,Fictional,SYNTHETIC: no real incident,critical,demo,15.361906,75.126004,KA,Hubballi,DEMO-STATION-4,synthetic-generator-v1
DEMO-006934,2026-01-02T08:00:00,2026-01-02T10:00:00,Burglary,Fictional,SYNTHETIC: no real incident,critical,demo,15.361502,75.12042,KA,Hubballi,DEMO-STATION-4,synthetic-generator-v1
DEMO-006935,2026-01-03T21:00:00,2026-01-03T23:00:00,Burglary,Fictional,SYNTHETIC: no real incident,medium,demo,15.36039,75.120023,KA,Hubballi,DEMO-STATION-4,synthetic-generator-v1
DEMO-006936,2026-01-01T08:00:00,2026-01-01T10:00:00,Burglary,Fictional,SYNTHETIC: no real incident,high,demo,15.367531,75.119861,KA,Hubballi,DEMO-STATION-4,synthetic-generator-v1
DEMO-006937,2026-01-03T19:00:00,2026-01-03T21:00:00,Burglary,Fictional,SYNTHETIC: no real incident,medium,demo,15.368413,75.125661,KA,Hubballi,DEMO-STATION-4,synthetic-generator-v1
DEMO-006939,2026-01-04T10:00:00,2026-01-04T12:00:00,Theft,Fictional,SYNTHETIC: no real incident,critical,demo,15.845519,74.493063,KA,Belagavi,DEMO-STATION-5,synthetic-generator-v1
DEMO-006941,2026-01-01T00:00:00,2026-01-01T02:00:00,Fraud,Fictional,SYNTHETIC: no real incident,critical,demo,15.852332,74.49817,KA,Belagavi,DEMO-STATION-5,synthetic-generator-v1
DEMO-006942,2026-01-03T04:00:00,2026-01-03T06:00:00,Fraud,Fictional,SYNTHETIC: no real incident,low,demo,15.853307,74.497749,KA,Belagavi,DEMO-STATION-5,synthetic-generator-v1
DEMO-006943,2026-01-02T22:00:00,2026-01-03T00:00:00,Burglary,Fictional,SYNTHETIC: no real incident,high,demo,15.848981,74.497305,KA,Belagavi,DEMO-STATION-5,synthetic-generator-v1
DEMO-006944,2026-01-04T20:00:00,2026-01-04T22:00:00,Burglary,Fictional,SYNTHETIC: no real incident,low,demo,15.847575,74.495029,KA,Belagavi,DEMO-STATION-5,synthetic-generator-v1
DEMO-006945,2026-01-02T03:00:00,2026-01-02T05:00:00,Burglary,Fictional,SYNTHETIC: no real incident,low,demo,15.851635,74.493507,KA,Belagavi,DEMO-STATION-5,synthetic-generator-v1
DEMO-006946,2026-01-01T09:00:00,2026-01-01T11:00:00,Theft,Fictional,SYNTHETIC: no real incident,critical,demo,15.135492,76.919007,KA,Ballari,DEMO-STATION-6,synthetic-generator-v1
DEMO-006947,2026-01-04T08:00:00,2026-01-04T10:00:00,Theft,Fictional,SYNTHETIC: no real incident,critical,demo,15.134987,76.924808,KA,Ballari,DEMO-STATION-6,synthetic-generator-v1
DEMO-006948,2026-01-01T20:00:00,2026-01-01T22:00:00,Theft,Fictional,SYNTHETIC: no real incident,high,demo,15.134602,76.919212,KA,Ballari,DEMO-STATION-6,synthetic-generator-v1
DEMO-006949,2026-01-04T07:00:00,2026-01-04T09:00:00,Fraud,Fictional,SYNTHETIC: no real incident,medium,demo,15.139866,76.91969,KA,Ballari,DEMO-STATION-6,synthetic-generator-v1
DEMO-006951,2026-01-01T06:00:00,2026-01-01T08:00:00,Burglary,Fictional,SYNTHETIC: no real incident,high,demo,15.140386,76.916475,KA,Ballari,DEMO-STATION-6,synthetic-generator-v1
DEMO-006954,2026-01-09T16:00:00,2026-01-09T18:00:00,Theft,Fictional,SYNTHETIC: no real incident,medium,demo,12.976467,77.590418,KA,Bengaluru,DEMO-STATION-1,synthetic-generator-v1
DEMO-006955,2026-01-08T01:00:00,2026-01-08T03:00:00,Theft,Fictional,SYNTHETIC: no real incident,critical,demo,12.967102,77.596978,KA,Bengaluru,DEMO-STATION-1,synthetic-generator-v1
DEMO-006956,2026-01-07T17:00:00,2026-01-07T19:00:00,Theft,Fictional,SYNTHETIC: no real incident,medium,demo,12.97336,77.597833,KA,Bengaluru,DEMO-STATION-1,synthetic-generator-v1
DEMO-006957,2026-01-09T16:00:00,2026-01-09T18:00:00,Theft,Fictional,SYNTHETIC: no real incident,critical,demo,12.974478,77.594573,KA,Bengaluru,DEMO-STATION-1,synthetic-generator-v1
DEMO-006958,2026-01-08T12:00:00,2026-01-08T14:00:00,Theft,Fictional,SYNTHETIC: no real incident,critical,demo,12.973017,77.590494,KA,Bengaluru,DEMO-STATION-1,synthetic-generator-v1
DEMO-006959,2026-01-06T12:00:00,2026-01-06T14:00:00,Theft,Fictional,SYNTHETIC: no real incident,low,demo,12.972083,77.595132,KA,Bengaluru,DEMO-STATION-1,synthetic-generator-v1
DEMO-006960,2026-01-11T20:00:00,2026-01-11T22:00:00,Theft,Fictional,SYNTHETIC: no real incident,low,demo,12.973819,77.591509,KA,Bengaluru,DEMO-STATION-1,synthetic-generator-v1
DEMO-006961,2026-01-09T07:00:00,2026-01-09T09:00:00,Theft,Fictional,SYNTHETIC: no real incident,medium,demo,12.969266,77.599246,KA,Bengaluru,DEMO-STATION-1,synthetic-generator-v1
DEMO-006962,2026-01-05T06:00:00,2026-01-05T08:00:00,Fraud,Fictional,SYNTHETIC: no real incident,low,demo,12.972734,77.592094,KA,Bengaluru,DEMO-STATION-1,synthetic-generator-v1
DEMO-006963,2026-01-05T22:00:00,2026-01-06T00:00:00,Fraud,Fictional,SYNTHETIC: no real incident,high,demo,12.974026,77.591214,KA,Bengaluru,DEMO-STATION-1,synthetic-generator-v1
DEMO-006964,2026-01-08T13:00:00,2026-01-08T15:00:00,Fraud,Fictional,SYNTHETIC: no real incident,medium,demo,12.969879,77.592123,KA,Bengaluru,DEMO-STATION-1,synthetic-generator-v1
DEMO-006965,2026-01-08T18:00:00,2026-01-08T20:00:00,Fraud,Fictional,SYNTHETIC: no real incident,low,demo,12.97509,77.597554,KA,Bengaluru,DEMO-STATION-1,synthetic-generator-v1
DEMO-006966,2026-01-11T20:00:00,2026-01-11T22:00:00,Fraud,Fictional,SYNTHETIC: no real incident,medium,demo,12.972845,77.598129,KA,Bengaluru,DEMO-STATION-1,synthetic-generator-v1
DEMO-006967,2026-01-08T20:00:00,2026-01-08T22:00:00,Fraud,Fictional,SYNTHETIC: no real incident,high,demo,12.968243,77.592575,KA,Bengaluru,DEMO-STATION-1,synthetic-generator-v1
DEMO-006968,2026-01-11T04:00:00,2026-01-11T06:00:00,Fraud,Fictional,SYNTHETIC: no real incident,critical,demo,12.976262,77.592267,KA,Bengaluru,DEMO-STATION-1,synthetic-generator-v1
DEMO-006969,2026-01-07T19:00:00,2026-01-07T21:00:00,Burglary,Fictional,SYNTHETIC: no real incident,medium,demo,12.974314,77.591786,KA,Bengaluru,DEMO-STATION-1,synthetic-generator-v1
DEMO-006970,2026-01-09T15:00:00,2026-01-09T17:00:00,Burglary,Fictional,SYNTHETIC: no real incident,high,demo,12.971685,77.595892,KA,Bengaluru,DEMO-STATION-1,synthetic-generator-v1
DEMO-006971,2026-01-09T00:00:00,2026-01-09T02:00:00,Burglary,Fictional,SYNTHETIC: no real incident,low,demo,12.968359,77.590677,KA,Bengaluru,DEMO-STATION-1,synthetic-generator-v1
DEMO-006972,2026-01-05T04:00:00,2026-01-05T06:00:00,Burglary,Fictional,SYNTHETIC: no real incident,medium,demo,12.971944,77.598362,KA,Bengaluru,DEMO-STATION-1,synthetic-generator-v1
DEMO-006973,2026-01-07T16:00:00,2026-01-07T18:00:00,Burglary,Fictional,SYNTHETIC: no real incident,low,demo,12.975085,77.594459,KA,Bengaluru,DEMO-STATION-1,synthetic-generator-v1
DEMO-006974,2026-01-08T12:00:00,2026-01-08T14:00:00,Burglary,Fictional,SYNTHETIC: no real incident,medium,demo,12.973622,77.59675,KA,Bengaluru,DEMO-STATION-1,synthetic-generator-v1
DEMO-006975,2026-01-06T05:00:00,2026-01-06T07:00:00,Burglary,Fictional,SYNTHETIC: no real incident,high,demo,12.967609,77.590725,KA,Bengaluru,DEMO-STATION-1,synthetic-generator-v1
DEMO-006976,2026-01-06T01:00:00,2026-01-06T03:00:00,Burglary,Fictional,SYNTHETIC: no real incident,critical,demo,12.97643,77.592241,KA,Bengaluru,DEMO-STATION-1,synthetic-generator-v1
DEMO-006977,2026-01-07T11:00:00,2026-01-07T13:00:00,Burglary,Fictional,SYNTHETIC: no real incident,low,demo,12.971916,77.590092,KA,Bengaluru,DEMO-STATION-1,synthetic-generator-v1
DEMO-006978,2026-01-05T09:00:00,2026-01-05T11:00:00,Theft,Fictional,SYNTHETIC: no real incident,medium,demo,12.296954,76.637124,KA,Mysuru,DEMO-STATION-2,synthetic-generator-v1
DEMO-006979,2026-01-06T03:00:00,2026-01-06T05:00:00,Theft,Fictional,SYNTHETIC: no real incident,low,demo,12.294771,76.639009,KA,Mysuru,DEMO-STATION-2,synthetic-generator-v1
DEMO-006980,2026-01-05T15:00:00,2026-01-05T17:00:00,Theft,Fictional,SYNTHETIC: no real incident,critical,demo,12.297693,76.638826,KA,Mysuru,DEMO-STATION-2,synthetic-generator-v1
DEMO-006981,2026-01-09T16:00:00,2026-01-09T18:00:00,Theft,Fictional,SYNTHETIC: no real incident,critical,demo,12.300721,76.635355,KA,Mysuru,DEMO-STATION-2,synthetic-generator-v1
DEMO-006982,2026-01-07T21:00:00,2026-01-07T23:00:00,Theft,Fictional,SYNTHETIC: no real incident,low,demo,12.29959,76.641111,KA,Mysuru,DEMO-STATION-2,synthetic-generator-v1
DEMO-006983,2026-01-11T05:00:00,2026-01-11T07:00:00,Theft,Fictional,SYNTHETIC: no real incident,high,demo,12.300726,76.643096,KA,Mysuru,DEMO-STATION-2,synthetic-generator-v1
DEMO-006984,2026-01-09T01:00:00,2026-01-09T03:00:00,Theft,Fictional,SYNTHETIC: no real incident,critical,demo,12.30012,76.644027,KA,Mysuru,DEMO-STATION-2,synthetic-generator-v1
DEMO-006985,2026-01-08T08:00:00,2026-01-08T10:00:00,Theft,Fictional,SYNTHETIC: no real incident,critical,demo,12.291046,76.639118,KA,Mysuru,DEMO-STATION-2,synthetic-generator-v1
DEMO-006986,2026-01-11T15:00:00,2026-01-11T17:00:00,Theft,Fictional,SYNTHETIC: no real incident,critical,demo,12.297779,76.640847,KA,Mysuru,DEMO-STATION-2,synthetic-generator-v1
DEMO-006987,2026-01-08T12:00:00,2026-01-08T14:00:00,Theft,Fictional,SYNTHETIC: no real incident,low,demo,12.293612,76.643588,KA,Mysuru,DEMO-STATION-2,synthetic-generator-v1
DEMO-006988,2026-01-06T22:00:00,2026-01-07T00:00:00,Fraud,Fictional,SYNTHETIC: no real incident,critical,demo,12.299265,76.643808,KA,Mysuru,DEMO-STATION-2,synthetic-generator-v1
DEMO-006989,2026-01-09T05:00:00,2026-01-09T07:00:00,Fraud,Fictional,SYNTHETIC: no real incident,medium,demo,12.291433,76.640002,KA,Mysuru,DEMO-STATION-2,synthetic-generator-v1
DEMO-006990,2026-01-10T02:00:00,2026-01-10T04:00:00,Fraud,Fictional,SYNTHETIC: no real incident,low,demo,12.295657,76.638744,KA,Mysuru,DEMO-STATION-2,synthetic-generator-v1
DEMO-006991,2026-01-09T00:00:00,2026-01-09T02:00:00,Fraud,Fictional,SYNTHETIC: no real incident,low,demo,12.293398,76.641542,KA,Mysuru,DEMO-STATION-2,synthetic-generator-v1
DEMO-006992,2026-01-05T11:00:00,2026-01-05T13:00:00,Fraud,Fictional,SYNTHETIC: no real incident,medium,demo,12.29964,76.644208,KA,Mysuru,DEMO-STATION-2,synthetic-generator-v1
DEMO-006993,2026-01-05T23:00:00,2026-01-06T01:00:00,Fraud,Fictional,SYNTHETIC: no real incident,critical,demo,12.293224,76.638175,KA,Mysuru,DEMO-STATION-2,synthetic-generator-v1
DEMO-006994,2026-01-11T07:00:00,2026-01-11T09:00:00,Fraud,Fictional,SYNTHETIC: no real incident,low,demo,12.290812,76.642607,KA,Mysuru,DEMO-STATION-2,synthetic-generator-v1
DEMO-006995,2026-01-05T12:00:00,2026-01-05T14:00:00,Burglary,Fictional,SYNTHETIC: no real incident,low,demo,12.293663,76.639865,KA,Mysuru,DEMO-STATION-2,synthetic-generator-v1
DEMO-006996,2026-01-05T13:00:00,2026-01-05T15:00:00,Burglary,Fictional,SYNTHETIC: no real incident,high,demo,12.294637,76.637098,KA,Mysuru,DEMO-STATION-2,synthetic-generator-v1
DEMO-006997,2026-01-10T08:00:00,2026-01-10T10:00:00,Burglary,Fictional,SYNTHETIC: no real incident,medium,demo,12.293984,76.635144,KA,Mysuru,DEMO-STATION-2,synthetic-generator-v1
DEMO-006998,2026-01-09T09:00:00,2026-01-09T11:00:00,Burglary,Fictional,SYNTHETIC: no real incident,medium,demo,12.290817,76.643171,KA,Mysuru,DEMO-STATION-2,synthetic-generator-v1
DEMO-006999,2026-01-11T02:00:00,2026-01-11T04:00:00,Burglary,Fictional,SYNTHETIC: no real incident,critical,demo,12.292664,76.64031,KA,Mysuru,DEMO-STATION-2,synthetic-generator-v1
DEMO-007000,2026-01-05T23:00:00,2026-01-06T01:00:00,Burglary,Fictional,SYNTHETIC: no real incident,medium,demo,12.297294,76.638453,KA,Mysuru,DEMO-STATION-2,synthetic-generator-v1
DEMO-007001,2026-01-06T01:00:00,2026-01-06T03:00:00,Burglary,Fictional,SYNTHETIC: no real incident,medium,demo,12.2933,76.643886,KA,Mysuru,DEMO-STATION-2,synthetic-generator-v1
DEMO-007002,2026-01-06T15:00:00,2026-01-06T17:00:00,Burglary,Fictional,SYNTHETIC: no real incident,low,demo,12.293043,76.642313,KA,Mysuru,DEMO-STATION-2,synthetic-generator-v1
DEMO-007003,2026-01-09T18:00:00,2026-01-09T20:00:00,Burglary,Fictional,SYNTHETIC: no real incident,critical,demo,12.291734,76.636986,KA,Mysuru,DEMO-STATION-2,synthetic-generator-v1
DEMO-007004,2026-01-11T23:00:00,2026-01-12T01:00:00,Theft,Fictional,SYNTHETIC: no real incident,medium,demo,12.917582,74.856322,KA,Mangaluru,DEMO-STATION-3,synthetic-generator-v1
DEMO-007005,2026-01-07T15:00:00,2026-01-07T17:00:00,Theft,Fictional,SYNTHETIC: no real incident,high,demo,12.912642,74.85242,KA,Mangaluru,DEMO-STATION-3,synthetic-generator-v1
DEMO-007006,2026-01-05T12:00:00,2026-01-05T14:00:00,Theft,Fictional,SYNTHETIC: no real incident,medium,demo,12.911764,74.852973,KA,Mangaluru,DEMO-STATION-3,synthetic-generator-v1
DEMO-007007,2026-01-05T13:00:00,2026-01-05T15:00:00,Theft,Fictional,SYNTHETIC: no real incident,low,demo,12.917534,74.851325,KA,Mangaluru,DEMO-STATION-3,synthetic-generator-v1
DEMO-007008,2026-01-07T23:00:00,2026-01-08T01:00:00,Theft,Fictional,SYNTHETIC: no real incident,medium,demo,12.910317,74.858556,KA,Mangaluru,DEMO-STATION-3,synthetic-generator-v1
DEMO-007009,2026-01-06T19:00:00,2026-01-06T21:00:00,Theft,Fictional,SYNTHETIC: no real incident,critical,demo,12.910791,74.853675,KA,Mangaluru,DEMO-STATION-3,synthetic-generator-v1
DEMO-007010,2026-01-10T14:00:00,2026-01-10T16:00:00,Theft,Fictional,SYNTHETIC: no real incident,medium,demo,12.917751,74.859339,KA,Mangaluru,DEMO-STATION-3,synthetic-generator-v1
DEMO-007011,2026-01-11T04:00:00,2026-01-11T06:00:00,Theft,Fictional,SYNTHETIC: no real incident,high,demo,12.915763,74.856315,KA,Mangaluru,DEMO-STATION-3,synthetic-generator-v1
DEMO-007012,2026-01-05T08:00:00,2026-01-05T10:00:00,Theft,Fictional,SYNTHETIC: no real incident,medium,demo,12.913908,74.853832,KA,Mangaluru,DEMO-STATION-3,synthetic-generator-v1
DEMO-007013,2026-01-11T16:00:00,2026-01-11T18:00:00,Theft,Fictional,SYNTHETIC: no real incident,medium,demo,12.91607,74.859206,KA,Mangaluru,DEMO-STATION-3,synthetic-generator-v1
DEMO-007014,2026-01-07T09:00:00,2026-01-07T11:00:00,Theft,Fictional,SYNTHETIC: no real incident,high,demo,12.911847,74.856837,KA,Mangaluru,DEMO-STATION-3,synthetic-generator-v1
DEMO-007015,2026-01-11T21:00:00,2026-01-11T23:00:00,Theft,Fictional,SYNTHETIC: no real incident,low,demo,12.915652,74.857484,KA,Mangaluru,DEMO-STATION-3,synthetic-generator-v1
DEMO-007016,2026-01-08T21:00:00,2026-01-08T23:00:00,Theft,Fictional,SYNTHETIC: no real incident,critical,demo,12.909598,74.85567,KA,Mangaluru,DEMO-STATION-3,synthetic-generator-v1
DEMO-007017,2026-01-07T07:00:00,2026-01-07T09:00:00,Fraud,Fictional,SYNTHETIC: no real incident,critical,demo,12.914867,74.85896,KA,Mangaluru,DEMO-STATION-3,synthetic-generator-v1
DEMO-007018,2026-01-11T12:00:00,2026-01-11T14:00:00,Fraud,Fictional,SYNTHETIC: no real incident,critical,demo,12.913855,74.851576,KA,Mangaluru,DEMO-STATION-3,synthetic-generator-v1
DEMO-007019,2026-01-05T05:00:00,2026-01-05T07:00:00,Fraud,Fictional,SYNTHETIC: no real incident,medium,demo,12.915531,74.856294,KA,Mangaluru,DEMO-STATION-3,synthetic-generator-v1
DEMO-007020,2026-01-06T20:00:00,2026-01-06T22:00:00,Fraud,Fictional,SYNTHETIC: no real incident,high,demo,12.918223,74.858453,KA,Mangaluru,DEMO-STATION-3,synthetic-generator-v1
DEMO-007021,2026-01-08T17:00:00,2026-01-08T19:00:00,Fraud,Fictional,SYNTHETIC: no real incident,medium,demo,12.914661,74.851383,KA,Mangaluru,DEMO-STATION-3,synthetic-generator-v1
DEMO-007022,2026-01-09T22:00:00,2026-01-10T00:00:00,Fraud,Fictional,SYNTHETIC: no real incident,high,demo,12.917741,74.855718,KA,Mangaluru,DEMO-STATION-3,synthetic-generator-v1
DEMO-007023,2026-01-06T11:00:00,2026-01-06T13:00:00,Fraud,Fictional,SYNTHETIC: no real incident,critical,demo,12.910157,74.85582,KA,Mangaluru,DEMO-STATION-3,synthetic-generator-v1
DEMO-007024,2026-01-07T06:00:00,2026-01-07T08:00:00,Fraud,Fictional,SYNTHETIC: no real incident,critical,demo,12.910492,74.857822,KA,Mangaluru,DEMO-STATION-3,synthetic-generator-v1
DEMO-007025,2026-01-10T15:00:00,2026-01-10T17:00:00,Fraud,Fictional,SYNTHETIC: no real incident,low,demo,12.91728,74.857922,KA,Mangaluru,DEMO-STATION-3,synthetic-generator-v1
DEMO-007026,2026-01-05T00:00:00,2026-01-05T02:00:00,Fraud,Fictional,SYNTHETIC: no real incident,critical,demo,12.918942,74.852482,KA,Mangaluru,DEMO-STATION-3,synthetic-generator-v1
DEMO-007027,2026-01-06T05:00:00,2026-01-06T07:00:00,Fraud,Fictional,SYNTHETIC: no real incident,critical,demo,12.914155,74.859647,KA,Mangaluru,DEMO-STATION-3,synthetic-generator-v1
DEMO-007028,2026-01-10T03:00:00,2026-01-10T05:00:00,Fraud,Fictional,SYNTHETIC: no real incident,low,demo,12.912892,74.85853,KA,Mangaluru,DEMO-STATION-3,synthetic-generator-v1
DEMO-007029,2026-01-09T15:00:00,2026-01-09T17:00:00,Fraud,Fictional,SYNTHETIC: no real incident,high,demo,12.916657,74.859765,KA,Mangaluru,DEMO-STATION-3,synthetic-generator-v1
DEMO-007030,2026-01-06T20:00:00,2026-01-06T22:00:00,Burglary,Fictional,SYNTHETIC: no real incident,high,demo,12.917332,74.855598,KA,Mangaluru,DEMO-STATION-3,synthetic-generator-v1
DEMO-007031,2026-01-07T10:00:00,2026-01-07T12:00:00,Burglary,Fictional,SYNTHETIC: no real incident,low,demo,12.909823,74.8554,KA,Mangaluru,DEMO-STATION-3,synthetic-generator-v1
DEMO-007032,2026-01-05T23:00:00,2026-01-06T01:00:00,Burglary,Fictional,SYNTHETIC: no real incident,high,demo,12.916402,74.855864,KA,Mangaluru,DEMO-STATION-3,synthetic-generator-v1
DEMO-007033,2026-01-10T17:00:00,2026-01-10T19:00:00,Burglary,Fictional,SYNTHETIC: no real incident,medium,demo,12.918419,74.853605,KA,Mangaluru,DEMO-STATION-3,synthetic-generator-v1
DEMO-007034,2026-01-08T07:00:00,2026-01-08T09:00:00,Burglary,Fictional,SYNTHETIC: no real incident,low,demo,12.91188,74.854803,KA,Mangaluru,DEMO-STATION-3,synthetic-generator-v1
DEMO-007035,2026-01-05T09:00:00,2026-01-05T11:00:00,Burglary,Fictional,SYNTHETIC: no real incident,critical,demo,12.918406,74.853571,KA,Mangaluru,DEMO-STATION-3,synthetic-generator-v1
DEMO-007036,2026-01-10T20:00:00,2026-01-10T22:00:00,Burglary,Fictional,SYNTHETIC: no real incident,critical,demo,12.918761,74.852997,KA,Mangaluru,DEMO-STATION-3,synthetic-generator-v1
DEMO-007037,2026-01-08T00:00:00,2026-01-08T02:00:00,Burglary,Fictional,SYNTHETIC: no real incident,high,demo,12.919041,74.85255,KA,Mangaluru,DEMO-STATION-3,synthetic-generator-v1
DEMO-007038,2026-01-11T11:00:00,2026-01-11T13:00:00,Burglary,Fictional,SYNTHETIC: no real incident,low,demo,12.9182,74.859617,KA,Mangaluru,DEMO-STATION-3,synthetic-generator-v1
DEMO-007039,2026-01-08T09:00:00,2026-01-08T11:00:00,Theft,Fictional,SYNTHETIC: no real incident,low,demo,15.361467,75.123047,KA,Hubballi,DEMO-STATION-4,synthetic-generator-v1
DEMO-007040,2026-01-11T10:00:00,2026-01-11T12:00:00,Theft,Fictional,SYNTHETIC: no real incident,medium,demo,15.362701,75.125022,KA,Hubballi,DEMO-STATION-4,synthetic-generator-v1
DEMO-007041,2026-01-06T10:00:00,2026-01-06T12:00:00,Theft,Fictional,SYNTHETIC: no real incident,high,demo,15.36943,75.125321,KA,Hubballi,DEMO-STATION-4,synthetic-generator-v1
DEMO-007042,2026-01-05T19:00:00,2026-01-05T21:00:00,Theft,Fictional,SYNTHETIC: no real incident,critical,demo,15.368907,75.12305,KA,Hubballi,DEMO-STATION-4,synthetic-generator-v1
DEMO-007043,2026-01-11T09:00:00,2026-01-11T11:00:00,Theft,Fictional,SYNTHETIC: no real incident,low,demo,15.36827,75.120108,KA,Hubballi,DEMO-STATION-4,synthetic-generator-v1
DEMO-007044,2026-01-05T19:00:00,2026-01-05T21:00:00,Theft,Fictional,SYNTHETIC: no real incident,critical,demo,15.368746,75.127668,KA,Hubballi,DEMO-STATION-4,synthetic-generator-v1
DEMO-007045,2026-01-10T05:00:00,2026-01-10T07:00:00,Theft,Fictional,SYNTHETIC: no real incident,high,demo,15.368552,75.122386,KA,Hubballi,DEMO-STATION-4,synthetic-generator-v1
DEMO-007046,2026-01-09T14:00:00,2026-01-09T16:00:00,Theft,Fictional,SYNTHETIC: no real incident,low,demo,15.360631,75.122148,KA,Hubballi,DEMO-STATION-4,synthetic-generator-v1
DEMO-007047,2026-01-10T08:00:00,2026-01-10T10:00:00,Theft,Fictional,SYNTHETIC: no real incident,critical,demo,15.367299,75.126734,KA,Hubballi,DEMO-STATION-4,synthetic-generator-v1
DEMO-007048,2026-01-11T14:00:00,2026-01-11T16:00:00,Theft,Fictional,SYNTHETIC: no real incident,medium,demo,15.36931,75.123842,KA,Hubballi,DEMO-STATION-4,synthetic-generator-v1
DEMO-007049,2026-01-11T15:00:00,2026-01-11T17:00:00,Fraud,Fictional,SYNTHETIC: no real incident,low,demo,15.367563,75.122175,KA,Hubballi,DEMO-STATION-4,synthetic-generator-v1
DEMO-007050,2026-01-09T21:00:00,2026-01-09T23:00:00,Fraud,Fictional,SYNTHETIC: no real incident,low,demo,15.366693,75.126923,KA,Hubballi,DEMO-STATION-4,synthetic-generator-v1
DEMO-007051,2026-01-09T08:00:00,2026-01-09T10:00:00,Fraud,Fictional,SYNTHETIC: no real incident,high,demo,15.366347,75.123241,KA,Hubballi,DEMO-STATION-4,synthetic-generator-v1
DEMO-007052,2026-01-07T07:00:00,2026-01-07T09:00:00,Fraud,Fictional,SYNTHETIC: no real incident,critical,demo,15.365396,75.127235,KA,Hubballi,DEMO-STATION-4,synthetic-generator-v1
DEMO-007053,2026-01-06T22:00:00,2026-01-07T00:00:00,Fraud,Fictional,SYNTHETIC: no real incident,low,demo,15.365483,75.127003,KA,Hubballi,DEMO-STATION-4,synthetic-generator-v1
DEMO-007054,2026-01-08T00:00:00,2026-01-08T02:00:00,Fraud,Fictional,SYNTHETIC: no real incident,high,demo,15.369138,75.127868,KA,Hubballi,DEMO-STATION-4,synthetic-generator-v1
DEMO-007055,2026-01-05T19:00:00,2026-01-05T21:00:00,Fraud,Fictional,SYNTHETIC: no real incident,critical,demo,15.36684,75.121405,KA,Hubballi,DEMO-STATION-4,synthetic-generator-v1
DEMO-007056,2026-01-06T14:00:00,2026-01-06T16:00:00,Fraud,Fictional,SYNTHETIC: no real incident,high,demo,15.364682,75.126115,KA,Hubballi,DEMO-STATION-4,synthetic-generator-v1
DEMO-007057,2026-01-11T22:00:00,2026-01-12T00:00:00,Fraud,Fictional,SYNTHETIC: no real incident,high,demo,15.361288,75.120867,KA,Hubballi,DEMO-STATION-4,synthetic-generator-v1
DEMO-007058,2026-01-05T07:00:00,2026-01-05T09:00:00,Burglary,Fictional,SYNTHETIC: no real incident,high,demo,15.359793,75.119442,KA,Hubballi,DEMO-STATION-4,synthetic-generator-v1
DEMO-007059,2026-01-10T00:00:00,2026-01-10T02:00:00,Burglary,Fictional,SYNTHETIC: no real incident,critical,demo,15.364377,75.123108,KA,Hubballi,DEMO-STATION-4,synthetic-generator-v1
DEMO-007060,2026-01-05T02:00:00,2026-01-05T04:00:00,Burglary,Fictional,SYNTHETIC: no real incident,high,demo,15.366487,75.119295,KA,Hubballi,DEMO-STATION-4,synthetic-generator-v1
DEMO-007061,2026-01-11T14:00:00,2026-01-11T16:00:00,Burglary,Fictional,SYNTHETIC: no real incident,critical,demo,15.362065,75.126716,KA,Hubballi,DEMO-STATION-4,synthetic-generator-v1
DEMO-007062,2026-01-05T00:00:00,2026-01-05T02:00:00,Burglary,Fictional,SYNTHETIC: no real incident,high,demo,15.368511,75.128533,KA,Hubballi,DEMO-STATION-4,synthetic-generator-v1
DEMO-007063,2026-01-09T12:00:00,2026-01-09T14:00:00,Burglary,Fictional,SYNTHETIC: no real incident,high,demo,15.365438,75.123071,KA,Hubballi,DEMO-STATION-4,synthetic-generator-v1
DEMO-007064,2026-01-09T22:00:00,2026-01-10T00:00:00,Burglary,Fictional,SYNTHETIC: no real incident,medium,demo,15.366945,75.126019,KA,Hubballi,DEMO-STATION-4,synthetic-generator-v1
DEMO-007065,2026-01-08T09:00:00,2026-01-08T11:00:00,Theft,Fictional,SYNTHETIC: no real incident,high,demo,15.853659,74.496762,KA,Belagavi,DEMO-STATION-5,synthetic-generator-v1
DEMO-007066,2026-01-10T22:00:00,2026-01-11T00:00:00,Theft,Fictional,SYNTHETIC: no real incident,high,demo,15.846322,74.502109,KA,Belagavi,DEMO-STATION-5,synthetic-generator-v1
DEMO-007067,2026-01-08T16:00:00,2026-01-08T18:00:00,Theft,Fictional,SYNTHETIC: no real incident,high,demo,15.84804,74.494164,KA,Belagavi,DEMO-STATION-5,synthetic-generator-v1
DEMO-007068,2026-01-05T08:00:00,2026-01-05T10:00:00,Theft,Fictional,SYNTHETIC: no real incident,medium,demo,15.85414,74.497259,KA,Belagavi,DEMO-STATION-5,synthetic-generator-v1
DEMO-007069,2026-01-05T20:00:00,2026-01-05T22:00:00,Theft,Fictional,SYNTHETIC: no real incident,critical,demo,15.853156,74.500409,KA,Belagavi,DEMO-STATION-5,synthetic-generator-v1
DEMO-007070,2026-01-10T07:00:00,2026-01-10T09:00:00,Theft,Fictional,SYNTHETIC: no real incident,high,demo,15.849368,74.500319,KA,Belagavi,DEMO-STATION-5,synthetic-generator-v1
DEMO-007071,2026-01-08T00:00:00,2026-01-08T02:00:00,Theft,Fictional,SYNTHETIC: no real incident,low,demo,15.847069,74.497742,KA,Belagavi,DEMO-STATION-5,synthetic-generator-v1
DEMO-007072,2026-01-08T10:00:00,2026-01-08T12:00:00,Theft,Fictional,SYNTHETIC: no real incident,low,demo,15.845123,74.501446,KA,Belagavi,DEMO-STATION-5,synthetic-generator-v1
DEMO-007073,2026-01-09T16:00:00,2026-01-09T18:00:00,Fraud,Fictional,SYNTHETIC: no real incident,critical,demo,15.849404,74.493036,KA,Belagavi,DEMO-STATION-5,synthetic-generator-v1
DEMO-007074,2026-01-06T06:00:00,2026-01-06T08:00:00,Fraud,Fictional,SYNTHETIC: no real incident,low,demo,15.849091,74.500431,KA,Belagavi,DEMO-STATION-5,synthetic-generator-v1
DEMO-007075,2026-01-06T13:00:00,2026-01-06T15:00:00,Fraud,Fictional,SYNTHETIC: no real incident,critical,demo,15.851165,74.498713,KA,Belagavi,DEMO-STATION-5,synthetic-generator-v1
DEMO-007076,2026-01-07T05:00:00,2026-01-07T07:00:00,Fraud,Fictional,SYNTHETIC: no real incident,critical,demo,15.84595,74.498109,KA,Belagavi,DEMO-STATION-5,synthetic-generator-v1
DEMO-007077,2026-01-10T17:00:00,2026-01-10T19:00:00,Fraud,Fictional,SYNTHETIC: no real incident,medium,demo,15.844956,74.499038,KA,Belagavi,DEMO-STATION-5,synthetic-generator-v1
DEMO-007078,2026-01-11T12:00:00,2026-01-11T14:00:00,Fraud,Fictional,SYNTHETIC: no real incident,critical,demo,15.85209,74.497746,KA,Belagavi,DEMO-STATION-5,synthetic-generator-v1
DEMO-007079,2026-01-08T15:00:00,2026-01-08T17:00:00,Fraud,Fictional,SYNTHETIC: no real incident,medium,demo,15.846674,74.498232,KA,Belagavi,DEMO-STATION-5,synthetic-generator-v1
DEMO-007080,2026-01-08T09:00:00,2026-01-08T11:00:00,Fraud,Fictional,SYNTHETIC: no real incident,low,demo,15.848241,74.502412,KA,Belagavi,DEMO-STATION-5,synthetic-generator-v1
DEMO-007081,2026-01-07T09:00:00,2026-01-07T11:00:00,Fraud,Fictional,SYNTHETIC: no real incident,medium,demo,15.846102,74.495065,KA,Belagavi,DEMO-STATION-5,synthetic-generator-v1
DEMO-007082,2026-01-07T18:00:00,2026-01-07T20:00:00,Fraud,Fictional,SYNTHETIC: no real incident,critical,demo,15.854316,74.497899,KA,Belagavi,DEMO-STATION-5,synthetic-generator-v1
DEMO-007083,2026-01-07T01:00:00,2026-01-07T03:00:00,Fraud,Fictional,SYNTHETIC: no real incident,high,demo,15.845199,74.502493,KA,Belagavi,DEMO-STATION-5,synthetic-generator-v1
DEMO-007084,2026-01-05T23:00:00,2026-01-06T01:00:00,Fraud,Fictional,SYNTHETIC: no real incident,critical,demo,15.846061,74.499329,KA,Belagavi,DEMO-STATION-5,synthetic-generator-v1
DEMO-007085,2026-01-06T08:00:00,2026-01-06T10:00:00,Fraud,Fictional,SYNTHETIC: no real incident,low,demo,15.850798,74.495389,KA,Belagavi,DEMO-STATION-5,synthetic-generator-v1
DEMO-007086,2026-01-05T01:00:00,2026-01-05T03:00:00,Fraud,Fictional,SYNTHETIC: no real incident,medium,demo,15.853344,74.501273,KA,Belagavi,DEMO-STATION-5,synthetic-generator-v1
DEMO-007087,2026-01-06T23:00:00,2026-01-07T01:00:00,Fraud,Fictional,SYNTHETIC: no real incident,low,demo,15.84942,74.494466,KA,Belagavi,DEMO-STATION-5,synthetic-generator-v1
DEMO-007088,2026-01-08T08:00:00,2026-01-08T10:00:00,Burglary,Fictional,SYNTHETIC: no real incident,medium,demo,15.8537,74.496221,KA,Belagavi,DEMO-STATION-5,synthetic-generator-v1
DEMO-007089,2026-01-10T19:00:00,2026-01-10T21:00:00,Burglary,Fictional,SYNTHETIC: no real incident,low,demo,15.851191,74.500624,KA,Belagavi,DEMO-STATION-5,synthetic-generator-v1
DEMO-007090,2026-01-09T19:00:00,2026-01-09T21:00:00,Burglary,Fictional,SYNTHETIC: no real incident,critical,demo,15.849904,74.495974,KA,Belagavi,DEMO-STATION-5,synthetic-generator-v1
DEMO-007091,2026-01-07T07:00:00,2026-01-07T09:00:00,Burglary,Fictional,SYNTHETIC: no real incident,medium,demo,15.846732,74.497862,KA,Belagavi,DEMO-STATION-5,synthetic-generator-v1
DEMO-007092,2026-01-08T08:00:00,2026-01-08T10:00:00,Burglary,Fictional,SYNTHETIC: no real incident,critical,demo,15.849971,74.49532,KA,Belagavi,DEMO-STATION-5,synthetic-generator-v1
DEMO-007093,2026-01-07T00:00:00,2026-01-07T02:00:00,Burglary,Fictional,SYNTHETIC: no real incident,low,demo,15.853318,74.494062,KA,Belagavi,DEMO-STATION-5,synthetic-generator-v1
DEMO-007094,2026-01-05T02:00:00,2026-01-05T04:00:00,Burglary,Fictional,SYNTHETIC: no real incident,medium,demo,15.849754,74.498244,KA,Belagavi,DEMO-STATION-5,synthetic-generator-v1
DEMO-007095,2026-01-10T05:00:00,2026-01-10T07:00:00,Burglary,Fictional,SYNTHETIC: no real incident,high,demo,15.851831,74.495442,KA,Belagavi,DEMO-STATION-5,synthetic-generator-v1
DEMO-007096,2026-01-07T23:00:00,2026-01-08T01:00:00,Burglary,Fictional,SYNTHETIC: no real incident,medium,demo,15.851896,74.502394,KA,Belagavi,DEMO-STATION-5,synthetic-generator-v1
DEMO-007097,2026-01-06T20:00:00,2026-01-06T22:00:00,Burglary,Fictional,SYNTHETIC: no real incident,high,demo,15.853053,74.493546,KA,Belagavi,DEMO-STATION-5,synthetic-generator-v1
DEMO-007098,2026-01-07T18:00:00,2026-01-07T20:00:00,Theft,Fictional,SYNTHETIC: no real incident,low,demo,15.137265,76.922696,KA,Ballari,DEMO-STATION-6,synthetic-generator-v1
DEMO-007099,2026-01-07T14:00:00,2026-01-07T16:00:00,Theft,Fictional,SYNTHETIC: no real incident,high,demo,15.136886,76.921161,KA,Ballari,DEMO-STATION-6,synthetic-generator-v1
DEMO-007100,2026-01-10T15:00:00,2026-01-10T17:00:00,Theft,Fictional,SYNTHETIC: no real incident,high,demo,15.140929,76.925815,KA,Ballari,DEMO-STATION-6,synthetic-generator-v1
DEMO-007101,2026-01-05T18:00:00,2026-01-05T20:00:00,Theft,Fictional,SYNTHETIC: no real incident,low,demo,15.140962,76.918859,KA,Ballari,DEMO-STATION-6,synthetic-generator-v1
DEMO-007102,2026-01-10T14:00:00,2026-01-10T16:00:00,Theft,Fictional,SYNTHETIC: no real incident,critical,demo,15.143942,76.921427,KA,Ballari,DEMO-STATION-6,synthetic-generator-v1
DEMO-007103,2026-01-09T14:00:00,2026-01-09T16:00:00,Theft,Fictional,SYNTHETIC: no real incident,high,demo,15.144018,76.921361,KA,Ballari,DEMO-STATION-6,synthetic-generator-v1
DEMO-007104,2026-01-08T21:00:00,2026-01-08T23:00:00,Theft,Fictional,SYNTHETIC: no real incident,low,demo,15.139112,76.922584,KA,Ballari,DEMO-STATION-6,synthetic-generator-v1
DEMO-007105,2026-01-08T06:00:00,2026-01-08T08:00:00,Theft,Fictional,SYNTHETIC: no real incident,medium,demo,15.13822,76.924084,KA,Ballari,DEMO-STATION-6,synthetic-generator-v1
DEMO-007106,2026-01-05T06:00:00,2026-01-05T08:00:00,Theft,Fictional,SYNTHETIC: no real incident,high,demo,15.141758,76.925617,KA,Ballari,DEMO-STATION-6,synthetic-generator-v1
DEMO-007107,2026-01-09T17:00:00,2026-01-09T19:00:00,Theft,Fictional,SYNTHETIC: no real incident,medium,demo,15.138878,76.916535,KA,Ballari,DEMO-STATION-6,synthetic-generator-v1
DEMO-007108,2026-01-08T06:00:00,2026-01-08T08:00:00,Theft,Fictional,SYNTHETIC: no real incident,medium,demo,15.135247,76.919108,KA,Ballari,DEMO-STATION-6,synthetic-generator-v1
DEMO-007109,2026-01-06T04:00:00,2026-01-06T06:00:00,Theft,Fictional,SYNTHETIC: no real incident,critical,demo,15.144311,76.921863,KA,Ballari,DEMO-STATION-6,synthetic-generator-v1
DEMO-007110,2026-01-08T11:00:00,2026-01-08T13:00:00,Fraud,Fictional,SYNTHETIC: no real incident,high,demo,15.134798,76.922319,KA,Ballari,DEMO-STATION-6,synthetic-generator-v1
DEMO-007111,2026-01-08T16:00:00,2026-01-08T18:00:00,Fraud,Fictional,SYNTHETIC: no real incident,critical,demo,15.138471,76.925119,KA,Ballari,DEMO-STATION-6,synthetic-generator-v1
DEMO-007112,2026-01-05T18:00:00,2026-01-05T20:00:00,Fraud,Fictional,SYNTHETIC: no real incident,critical,demo,15.142684,76.921897,KA,Ballari,DEMO-STATION-6,synthetic-generator-v1
DEMO-007113,2026-01-10T15:00:00,2026-01-10T17:00:00,Fraud,Fictional,SYNTHETIC: no real incident,high,demo,15.144216,76.924163,KA,Ballari,DEMO-STATION-6,synthetic-generator-v1
DEMO-007114,2026-01-09T03:00:00,2026-01-09T05:00:00,Fraud,Fictional,SYNTHETIC: no real incident,high,demo,15.13544,76.920609,KA,Ballari,DEMO-STATION-6,synthetic-generator-v1
DEMO-007115,2026-01-10T20:00:00,2026-01-10T22:00:00,Fraud,Fictional,SYNTHETIC: no real incident,medium,demo,15.140985,76.917601,KA,Ballari,DEMO-STATION-6,synthetic-generator-v1
DEMO-007116,2026-01-11T07:00:00,2026-01-11T09:00:00,Fraud,Fictional,SYNTHETIC: no real incident,critical,demo,15.134479,76.917812,KA,Ballari,DEMO-STATION-6,synthetic-generator-v1
DEMO-007117,2026-01-07T00:00:00,2026-01-07T02:00:00,Fraud,Fictional,SYNTHETIC: no real incident,critical,demo,15.138603,76.923159,KA,Ballari,DEMO-STATION-6,synthetic-generator-v1
DEMO-007118,2026-01-08T20:00:00,2026-01-08T22:00:00,Fraud,Fictional,SYNTHETIC: no real incident,low,demo,15.136857,76.925519,KA,Ballari,DEMO-STATION-6,synthetic-generator-v1
DEMO-007119,2026-01-10T02:00:00,2026-01-10T04:00:00,Fraud,Fictional,SYNTHETIC: no real incident,medium,demo,15.136458,76.919516,KA,Ballari,DEMO-STATION-6,synthetic-generator-v1
DEMO-007120,2026-01-11T13:00:00,2026-01-11T15:00:00,Fraud,Fictional,SYNTHETIC: no real incident,low,demo,15.143994,76.924528,KA,Ballari,DEMO-STATION-6,synthetic-generator-v1
DEMO-007121,2026-01-05T12:00:00,2026-01-05T14:00:00,Fraud,Fictional,SYNTHETIC: no real incident,critical,demo,15.14356,76.918216,KA,Ballari,DEMO-STATION-6,synthetic-generator-v1
DEMO-007122,2026-01-05T22:00:00,2026-01-06T00:00:00,Fraud,Fictional,SYNTHETIC: no real incident,high,demo,15.140867,76.917304,KA,Ballari,DEMO-STATION-6,synthetic-generator-v1
DEMO-007123,2026-01-05T13:00:00,2026-01-05T15:00:00,Fraud,Fictional,SYNTHETIC: no real incident,critical,demo,15.138855,76.91712,KA,Ballari,DEMO-STATION-6,synthetic-generator-v1
DEMO-007124,2026-01-07T10:00:00,2026-01-07T12:00:00,Fraud,Fictional,SYNTHETIC: no real incident,critical,demo,15.135386,76.921822,KA,Ballari,DEMO-STATION-6,synthetic-generator-v1
DEMO-007125,2026-01-08T13:00:00,2026-01-08T15:00:00,Burglary,Fictional,SYNTHETIC: no real incident,low,demo,15.142855,76.917117,KA,Ballari,DEMO-STATION-6,synthetic-generator-v1
DEMO-007126,2026-01-07T02:00:00,2026-01-07T04:00:00,Burglary,Fictional,SYNTHETIC: no real incident,low,demo,15.136634,76.919239,KA,Ballari,DEMO-STATION-6,synthetic-generator-v1
DEMO-007127,2026-01-10T12:00:00,2026-01-10T14:00:00,Burglary,Fictional,SYNTHETIC: no real incident,low,demo,15.140472,76.918916,KA,Ballari,DEMO-STATION-6,synthetic-generator-v1
DEMO-007128,2026-01-11T10:00:00,2026-01-11T12:00:00,Burglary,Fictional,SYNTHETIC: no real incident,high,demo,15.141441,76.919316,KA,Ballari,DEMO-STATION-6,synthetic-generator-v1
DEMO-007129,2026-01-11T09:00:00,2026-01-11T11:00:00,Burglary,Fictional,SYNTHETIC: no real incident,high,demo,15.136015,76.920663,KA,Ballari,DEMO-STATION-6,synthetic-generator-v1
DEMO-007130,2026-01-05T14:00:00,2026-01-05T16:00:00,Burglary,Fictional,SYNTHETIC: no real incident,low,demo,15.136933,76.922494,KA,Ballari,DEMO-STATION-6,synthetic-generator-v1
DEMO-007131,2026-01-05T21:00:00,2026-01-05T23:00:00,Burglary,Fictional,SYNTHETIC: no real incident,medium,demo,15.140048,76.917708,KA,Ballari,DEMO-STATION-6,synthetic-generator-v1
DEMO-007132,2026-01-05T11:00:00,2026-01-05T13:00:00,Burglary,Fictional,SYNTHETIC: no real incident,medium,demo,15.137992,76.924881,KA,Ballari,DEMO-STATION-6,synthetic-generator-v1
DEMO-007133,2026-01-09T05:00:00,2026-01-09T07:00:00,Burglary,Fictional,SYNTHETIC: no real incident,high,demo,15.144162,76.918738,KA,Ballari,DEMO-STATION-6,synthetic-generator-v1
DEMO-007134,2026-01-08T16:00:00,2026-01-08T18:00:00,Burglary,Fictional,SYNTHETIC: no real incident,low,demo,15.143024,76.922463,KA,Ballari,DEMO-STATION-6,synthetic-generator-v1
DEMO-007135,2026-01-09T20:00:00,2026-01-09T22:00:00,Burglary,Fictional,SYNTHETIC: no real incident,medium,demo,15.134645,76.923716,KA,Ballari,DEMO-STATION-6,synthetic-generator-v1
DEMO-007136,2026-01-09T03:00:00,2026-01-09T05:00:00,Burglary,Fictional,SYNTHETIC: no real incident,high,demo,15.141189,76.920981,KA,Ballari,DEMO-STATION-6,synthetic-generator-v1
DEMO-007137,2026-01-07T01:00:00,2026-01-07T03:00:00,Burglary,Fictional,SYNTHETIC: no real incident,medium,demo,15.142363,76.916499,KA,Ballari,DEMO-STATION-6,synthetic-generator-v1
DEMO-007138,2026-01-11T11:00:00,2026-01-11T13:00:00,Burglary,Fictional,SYNTHETIC: no real incident,high,demo,15.135506,76.921433,KA,Ballari,DEMO-STATION-6,synthetic-generator-v1
DEMO-007139,2026-01-11T04:00:00,2026-01-11T06:00:00,Burglary,Fictional,SYNTHETIC: no real incident,critical,demo,15.138651,76.917808,KA,Ballari,DEMO-STATION-6,synthetic-generator-v1
DEMO-007140,2026-01-08T13:00:00,2026-01-08T15:00:00,Burglary,Fictional,SYNTHETIC: no real incident,critical,demo,15.136302,76.925535,KA,Ballari,DEMO-STATION-6,synthetic-generator-v1
DEMO-007141,2026-01-13T18:00:00,2026-01-13T20:00:00,Theft,Fictional,SYNTHETIC: no real incident,medium,demo,12.968463,77.593272,KA,Bengaluru,DEMO-STATION-1,synthetic-generator-v1
DEMO-007142,2026-01-12T13:00:00,2026-01-12T15:00:00,Fraud,Fictional,SYNTHETIC: no real incident,high,demo,12.972276,77.598238,KA,Bengaluru,DEMO-STATION-1,synthetic-generator-v1
DEMO-007143,2026-01-18T20:00:00,2026-01-18T22:00:00,Fraud,Fictional,SYNTHETIC: no real incident,high,demo,12.975985,77.592835,KA,Bengaluru,DEMO-STATION-1,synthetic-generator-v1
DEMO-007144,2026-01-18T02:00:00,2026-01-18T04:00:00,Burglary,Fictional,SYNTHETIC: no real incident,high,demo,12.968824,77.589751,KA,Bengaluru,DEMO-STATION-1,synthetic-generator-v1
DEMO-007145,2026-01-12T13:00:00,2026-01-12T15:00:00,Burglary,Fictional,SYNTHETIC: no real incident,critical,demo,12.97079,77.592546,KA,Bengaluru,DEMO-STATION-1,synthetic-generator-v1
DEMO-007146,2026-01-16T12:00:00,2026-01-16T14:00:00,Burglary,Fictional,SYNTHETIC: no real incident,high,demo,12.968271,77.599443,KA,Bengaluru,DEMO-STATION-1,synthetic-generator-v1
DEMO-007147,2026-01-15T06:00:00,2026-01-15T08:00:00,Theft,Fictional,SYNTHETIC: no real incident,high,demo,12.295035,76.637791,KA,Mysuru,DEMO-STATION-2,synthetic-generator-v1
DEMO-007148,2026-01-18T08:00:00,2026-01-18T10:00:00,Theft,Fictional,SYNTHETIC: no real incident,low,demo,12.295008,76.637483,KA,Mysuru,DEMO-STATION-2,synthetic-generator-v1
DEMO-007149,2026-01-13T16:00:00,2026-01-13T18:00:00,Theft,Fictional,SYNTHETIC: no real incident,critical,demo,12.293464,76.637785,KA,Mysuru,DEMO-STATION-2,synthetic-generator-v1
DEMO-007150,2026-01-12T01:00:00,2026-01-12T03:00:00,Fraud,Fictional,SYNTHETIC: no real incident,critical,demo,12.294443,76.641215,KA,Mysuru,DEMO-STATION-2,synthetic-generator-v1
DEMO-007151,2026-01-18T13:00:00,2026-01-18T15:00:00,Fraud,Fictional,SYNTHETIC: no real incident,low,demo,12.299706,76.639634,KA,Mysuru,DEMO-STATION-2,synthetic-generator-v1
DEMO-007152,2026-01-15T07:00:00,2026-01-15T09:00:00,Fraud,Fictional,SYNTHETIC: no real incident,low,demo,12.298583,76.637438,KA,Mysuru,DEMO-STATION-2,synthetic-generator-v1
DEMO-007153,2026-01-18T23:00:00,2026-01-19T01:00:00,Fraud,Fictional,SYNTHETIC: no real incident,high,demo,12.297305,76.643286,KA,Mysuru,DEMO-STATION-2,synthetic-generator-v1
DEMO-007154,2026-01-13T18:00:00,2026-01-13T20:00:00,Burglary,Fictional,SYNTHETIC: no real incident,critical,demo,12.290878,76.635621,KA,Mysuru,DEMO-STATION-2,synthetic-generator-v1
DEMO-007155,2026-01-13T02:00:00,2026-01-13T04:00:00,Theft,Fictional,SYNTHETIC: no real incident,critical,demo,12.91625,74.852391,KA,Mangaluru,DEMO-STATION-3,synthetic-generator-v1
DEMO-007156,2026-01-17T06:00:00,2026-01-17T08:00:00,Fraud,Fictional,SYNTHETIC: no real incident,low,demo,12.914149,74.856517,KA,Mangaluru,DEMO-STATION-3,synthetic-generator-v1
DEMO-007157,2026-01-18T07:00:00,2026-01-18T09:00:00,Fraud,Fictional,SYNTHETIC: no real incident,critical,demo,12.911033,74.853469,KA,Mangaluru,DEMO-STATION-3,synthetic-generator-v1
DEMO-007158,2026-01-17T01:00:00,2026-01-17T03:00:00,Burglary,Fictional,SYNTHETIC: no real incident,medium,demo,12.918278,74.854243,KA,Mangaluru,DEMO-STATION-3,synthetic-generator-v1
DEMO-007159,2026-01-13T04:00:00,2026-01-13T06:00:00,Theft,Fictional,SYNTHETIC: no real incident,high,demo,15.368813,75.125403,KA,Hubballi,DEMO-STATION-4,synthetic-generator-v1
DEMO-007160,2026-01-15T13:00:00,2026-01-15T15:00:00,Theft,Fictional,SYNTHETIC: no real incident,critical,demo,15.360934,75.124136,KA,Hubballi,DEMO-STATION-4,synthetic-generator-v1
DEMO-007161,2026-01-16T19:00:00,2026-01-16T21:00:00,Fraud,Fictional,SYNTHETIC: no real incident,critical,demo,15.36037,75.128475,KA,Hubballi,DEMO-STATION-4,synthetic-generator-v1
DEMO-007162,2026-01-14T05:00:00,2026-01-14T07:00:00,Fraud,Fictional,SYNTHETIC: no real incident,low,demo,15.364125,75.124974,KA,Hubballi,DEMO-STATION-4,synthetic-generator-v1
DEMO-007163,2026-01-15T13:00:00,2026-01-15T15:00:00,Burglary,Fictional,SYNTHETIC: no real incident,low,demo,15.361324,75.128538,KA,Hubballi,DEMO-STATION-4,synthetic-generator-v1
DEMO-007164,2026-01-17T01:00:00,2026-01-17T03:00:00,Burglary,Fictional,SYNTHETIC: no real incident,critical,demo,15.360655,75.121815,KA,Hubballi,DEMO-STATION-4,synthetic-generator-v1
DEMO-007165,2026-01-12T11:00:00,2026-01-12T13:00:00,Theft,Fictional,SYNTHETIC: no real incident,high,demo,15.845491,74.495485,KA,Belagavi,DEMO-STATION-5,synthetic-generator-v1
DEMO-007166,2026-01-16T03:00:00,2026-01-16T05:00:00,Fraud,Fictional,SYNTHETIC: no real incident,low,demo,15.847553,74.494909,KA,Belagavi,DEMO-STATION-5,synthetic-generator-v1
DEMO-007167,2026-01-12T07:00:00,2026-01-12T09:00:00,Burglary,Fictional,SYNTHETIC: no real incident,high,demo,15.854509,74.496997,KA,Belagavi,DEMO-STATION-5,synthetic-generator-v1
DEMO-007168,2026-01-15T06:00:00,2026-01-15T08:00:00,Burglary,Fictional,SYNTHETIC: no real incident,medium,demo,15.854468,74.500111,KA,Belagavi,DEMO-STATION-5,synthetic-generator-v1
DEMO-007169,2026-01-17T11:00:00,2026-01-17T13:00:00,Burglary,Fictional,SYNTHETIC: no real incident,critical,demo,15.849055,74.501351,KA,Belagavi,DEMO-STATION-5,synthetic-generator-v1
DEMO-007170,2026-01-14T23:00:00,2026-01-15T01:00:00,Burglary,Fictional,SYNTHETIC: no real incident,high,demo,15.847123,74.501093,KA,Belagavi,DEMO-STATION-5,synthetic-generator-v1
DEMO-007171,2026-01-13T07:00:00,2026-01-13T09:00:00,Theft,Fictional,SYNTHETIC: no real incident,medium,demo,15.13924,76.923153,KA,Ballari,DEMO-STATION-6,synthetic-generator-v1
DEMO-007172,2026-01-14T20:00:00,2026-01-14T22:00:00,Theft,Fictional,SYNTHETIC: no real incident,critical,demo,15.142032,76.922397,KA,Ballari,DEMO-STATION-6,synthetic-generator-v1
DEMO-007173,2026-01-12T05:00:00,2026-01-12T07:00:00,Fraud,Fictional,SYNTHETIC: no real incident,high,demo,15.137092,76.920027,KA,Ballari,DEMO-STATION-6,synthetic-generator-v1
DEMO-007174,2026-01-14T20:00:00,2026-01-14T22:00:00,Fraud,Fictional,SYNTHETIC: no real incident,medium,demo,15.138572,76.917809,KA,Ballari,DEMO-STATION-6,synthetic-generator-v1
DEMO-007175,2026-01-12T15:00:00,2026-01-12T17:00:00,Fraud,Fictional,SYNTHETIC: no real incident,low,demo,15.142834,76.917241,KA,Ballari,DEMO-STATION-6,synthetic-generator-v1
DEMO-007176,2026-01-17T04:00:00,2026-01-17T06:00:00,Burglary,Fictional,SYNTHETIC: no real incident,medium,demo,15.144149,76.917213,KA,Ballari,DEMO-STATION-6,synthetic-generator-v1
DEMO-007177,2026-01-20T11:00:00,2026-01-20T13:00:00,Theft,Fictional,SYNTHETIC: no real incident,critical,demo,12.970182,77.599396,KA,Bengaluru,DEMO-STATION-1,synthetic-generator-v1
DEMO-007178,2026-01-20T13:00:00,2026-01-20T15:00:00,Theft,Fictional,SYNTHETIC: no real incident,low,demo,12.974702,77.596903,KA,Bengaluru,DEMO-STATION-1,synthetic-generator-v1
DEMO-007179,2026-01-25T12:00:00,2026-01-25T14:00:00,Theft,Fictional,SYNTHETIC: no real incident,high,demo,12.966701,77.595535,KA,Bengaluru,DEMO-STATION-1,synthetic-generator-v1
DEMO-007180,2026-01-24T19:00:00,2026-01-24T21:00:00,Fraud,Fictional,SYNTHETIC: no real incident,critical,demo,12.97188,77.59658,KA,Bengaluru,DEMO-STATION-1,synthetic-generator-v1
DEMO-007181,2026-01-23T06:00:00,2026-01-23T08:00:00,Fraud,Fictional,SYNTHETIC: no real incident,medium,demo,12.968316,77.598669,KA,Bengaluru,DEMO-STATION-1,synthetic-generator-v1
DEMO-007182,2026-01-21T23:00:00,2026-01-22T01:00:00,Fraud,Fictional,SYNTHETIC: no real incident,critical,demo,12.970072,77.597217,KA,Bengaluru,DEMO-STATION-1,synthetic-generator-v1
DEMO-007183,2026-01-19T11:00:00,2026-01-19T13:00:00,Fraud,Fictional,SYNTHETIC: no real incident,critical,demo,12.974771,77.598479,KA,Bengaluru,DEMO-STATION-1,synthetic-generator-v1
DEMO-007184,2026-01-21T11:00:00,2026-01-21T13:00:00,Burglary,Fictional,SYNTHETIC: no real incident,medium,demo,12.971063,77.597427,KA,Bengaluru,DEMO-STATION-1,synthetic-generator-v1
DEMO-007185,2026-01-24T09:00:00,2026-01-24T11:00:00,Burglary,Fictional,SYNTHETIC: no real incident,critical,demo,12.968873,77.591689,KA,Bengaluru,DEMO-STATION-1,synthetic-generator-v1
DEMO-007186,2026-01-20T23:00:00,2026-01-21T01:00:00,Theft,Fictional,SYNTHETIC: no real incident,low,demo,12.292896,76.638963,KA,Mysuru,DEMO-STATION-2,synthetic-generator-v1
DEMO-007187,2026-01-23T16:00:00,2026-01-23T18:00:00,Theft,Fictional,SYNTHETIC: no real incident,high,demo,12.290882,76.643965,KA,Mysuru,DEMO-STATION-2,synthetic-generator-v1
DEMO-007188,2026-01-25T18:00:00,2026-01-25T20:00:00,Theft,Fictional,SYNTHETIC: no real incident,high,demo,12.297444,76.635134,KA,Mysuru,DEMO-STATION-2,synthetic-generator-v1
DEMO-007189,2026-01-25T23:00:00,2026-01-26T01:00:00,Theft,Fictional,SYNTHETIC: no real incident,high,demo,12.299268,76.643407,KA,Mysuru,DEMO-STATION-2,synthetic-generator-v1
DEMO-007190,2026-01-24T16:00:00,2026-01-24T18:00:00,Fraud,Fictional,SYNTHETIC: no real incident,high,demo,12.299948,76.639194,KA,Mysuru,DEMO-STATION-2,synthetic-generator-v1
DEMO-007191,2026-01-24T02:00:00,2026-01-24T04:00:00,Fraud,Fictional,SYNTHETIC: no real incident,medium,demo,12.296591,76.644194,KA,Mysuru,DEMO-STATION-2,synthetic-generator-v1
DEMO-007192,2026-01-22T18:00:00,2026-01-22T20:00:00,Burglary,Fictional,SYNTHETIC: no real incident,high,demo,12.291206,76.638136,KA,Mysuru,DEMO-STATION-2,synthetic-generator-v1
DEMO-007193,2026-01-19T16:00:00,2026-01-19T18:00:00,Theft,Fictional,SYNTHETIC: no real incident,critical,demo,12.910707,74.857346,KA,Mangaluru,DEMO-STATION-3,synthetic-generator-v1
DEMO-007194,2026-01-22T19:00:00,2026-01-22T21:00:00,Theft,Fictional,SYNTHETIC: no real incident,high,demo,12.913763,74.855348,KA,Mangaluru,DEMO-STATION-3,synthetic-generator-v1
DEMO-007195,2026-01-23T07:00:00,2026-01-23T09:00:00,Fraud,Fictional,SYNTHETIC: no real incident,high,demo,12.915895,74.854959,KA,Mangaluru,DEMO-STATION-3,synthetic-generator-v1
DEMO-007196,2026-01-19T23:00:00,2026-01-20T01:00:00,Fraud,Fictional,SYNTHETIC: no real incident,low,demo,12.918764,74.852079,KA,Mangaluru,DEMO-STATION-3,synthetic-generator-v1
DEMO-007197,2026-01-19T19:00:00,2026-01-19T21:00:00,Fraud,Fictional,SYNTHETIC: no real incident,critical,demo,12.914171,74.859403,KA,Mangaluru,DEMO-STATION-3,synthetic-generator-v1
DEMO-007198,2026-01-21T23:00:00,2026-01-22T01:00:00,Burglary,Fictional,SYNTHETIC: no real incident,medium,demo,12.913244,74.852363,KA,Mangaluru,DEMO-STATION-3,synthetic-generator-v1
DEMO-007199,2026-01-25T01:00:00,2026-01-25T03:00:00,Theft,Fictional,SYNTHETIC: no real incident,medium,demo,15.365752,75.121486,KA,Hubballi,DEMO-STATION-4,synthetic-generator-v1
DEMO-007200,2026-01-21T03:00:00,2026-01-21T05:00:00,Theft,Fictional,SYNTHETIC: no real incident,low,demo,15.369053,75.125853,KA,Hubballi,DEMO-STATION-4,synthetic-generator-v1
DEMO-007201,2026-01-20T15:00:00,2026-01-20T17:00:00,Theft,Fictional,SYNTHETIC: no real incident,critical,demo,15.36309,75.125365,KA,Hubballi,DEMO-STATION-4,synthetic-generator-v1
DEMO-007202,2026-01-21T02:00:00,2026-01-21T04:00:00,Theft,Fictional,SYNTHETIC: no real incident,critical,demo,15.368949,75.122205,KA,Hubballi,DEMO-STATION-4,synthetic-generator-v1
DEMO-007203,2026-01-21T18:00:00,2026-01-21T20:00:00,Fraud,Fictional,SYNTHETIC: no real incident,medium,demo,15.364199,75.125085,KA,Hubballi,DEMO-STATION-4,synthetic-generator-v1
DEMO-007204,2026-01-24T05:00:00,2026-01-24T07:00:00,Fraud,Fictional,SYNTHETIC: no real incident,medium,demo,15.36086,75.122036,KA,Hubballi,DEMO-STATION-4,synthetic-generator-v1
DEMO-007205,2026-01-19T16:00:00,2026-01-19T18:00:00,Fraud,Fictional,SYNTHETIC: no real incident,critical,demo,15.360859,75.126965,KA,Hubballi,DEMO-STATION-4,synthetic-generator-v1
DEMO-007206,2026-01-20T03:00:00,2026-01-20T05:00:00,Fraud,Fictional,SYNTHETIC: no real incident,critical,demo,15.362595,75.121444,KA,Hubballi,DEMO-STATION-4,synthetic-generator-v1
DEMO-007207,2026-01-25T19:00:00,2026-01-25T21:00:00,Burglary,Fictional,SYNTHETIC: no real incident,low,demo,15.363639,75.124242,KA,Hubballi,DEMO-STATION-4,synthetic-generator-v1
DEMO-007208,2026-01-24T18:00:00,2026-01-24T20:00:00,Theft,Fictional,SYNTHETIC: no real incident,medium,demo,15.848676,74.500127,KA,Belagavi,DEMO-STATION-5,synthetic-generator-v1
DEMO-007209,2026-01-21T19:00:00,2026-01-21T21:00:00,Theft,Fictional,SYNTHETIC: no real incident,critical,demo,15.85397,74.502413,KA,Belagavi,DEMO-STATION-5,synthetic-generator-v1
DEMO-007210,2026-01-23T15:00:00,2026-01-23T17:00:00,Fraud,Fictional,SYNTHETIC: no real incident,low,demo,15.847751,74.494792,KA,Belagavi,DEMO-STATION-5,synthetic-generator-v1
DEMO-007211,2026-01-24T23:00:00,2026-01-25T01:00:00,Fraud,Fictional,SYNTHETIC: no real incident,high,demo,15.848003,74.500302,KA,Belagavi,DEMO-STATION-5,synthetic-generator-v1
DEMO-007212,2026-01-24T09:00:00,2026-01-24T11:00:00,Burglary,Fictional,SYNTHETIC: no real incident,medium,demo,15.844753,74.494675,KA,Belagavi,DEMO-STATION-5,synthetic-generator-v1
DEMO-007213,2026-01-23T10:00:00,2026-01-23T12:00:00,Theft,Fictional,SYNTHETIC: no real incident,high,demo,15.143052,76.91852,KA,Ballari,DEMO-STATION-6,synthetic-generator-v1
DEMO-007214,2026-01-20T03:00:00,2026-01-20T05:00:00,Theft,Fictional,SYNTHETIC: no real incident,low,demo,15.139941,76.917785,KA,Ballari,DEMO-STATION-6,synthetic-generator-v1
DEMO-007215,2026-01-22T18:00:00,2026-01-22T20:00:00,Fraud,Fictional,SYNTHETIC: no real incident,medium,demo,15.138164,76.921427,KA,Ballari,DEMO-STATION-6,synthetic-generator-v1
DEMO-007216,2026-01-20T21:00:00,2026-01-20T23:00:00,Fraud,Fictional,SYNTHETIC: no real incident,critical,demo,15.135248,76.925449,KA,Ballari,DEMO-STATION-6,synthetic-generator-v1
DEMO-007217,2026-01-23T07:00:00,2026-01-23T09:00:00,Fraud,Fictional,SYNTHETIC: no real incident,critical,demo,15.138875,76.919467,KA,Ballari,DEMO-STATION-6,synthetic-generator-v1
DEMO-007218,2026-01-20T03:00:00,2026-01-20T05:00:00,Fraud,Fictional,SYNTHETIC: no real incident,medium,demo,15.13975,76.925746,KA,Ballari,DEMO-STATION-6,synthetic-generator-v1
DEMO-007219,2026-01-22T02:00:00,2026-01-22T04:00:00,Burglary,Fictional,SYNTHETIC: no real incident,medium,demo,15.143293,76.924353,KA,Ballari,DEMO-STATION-6,synthetic-generator-v1
DEMO-007220,2026-01-24T09:00:00,2026-01-24T11:00:00,Burglary,Fictional,SYNTHETIC: no real incident,high,demo,15.139915,76.917271,KA,Ballari,DEMO-STATION-6,synthetic-generator-v1
DEMO-007221,2026-01-25T18:00:00,2026-01-25T20:00:00,Burglary,Fictional,SYNTHETIC: no real incident,medium,demo,15.136359,76.925384,KA,Ballari,DEMO-STATION-6,synthetic-generator-v1
DEMO-007222,2026-01-21T11:00:00,2026-01-21T13:00:00,Burglary,Fictional,SYNTHETIC: no real incident,high,demo,15.137617,76.916439,KA,Ballari,DEMO-STATION-6,synthetic-generator-v1
DEMO-007223,2026-01-29T23:00:00,2026-01-30T01:00:00,Theft,Fictional,SYNTHETIC: no real incident,medium,demo,12.968312,77.597818,KA,Bengaluru,DEMO-STATION-1,synthetic-generator-v1
DEMO-007224,2026-02-01T15:00:00,2026-02-01T17:00:00,Fraud,Fictional,SYNTHETIC: no real incident,low,demo,12.969182,77.596181,KA,Bengaluru,DEMO-STATION-1,synthetic-generator-v1
DEMO-007225,2026-02-01T21:00:00,2026-02-01T23:00:00,Fraud,Fictional,SYNTHETIC: no real incident,medium,demo,12.97532,77.598358,KA,Bengaluru,DEMO-STATION-1,synthetic-generator-v1
DEMO-007226,2026-01-27T06:00:00,2026-01-27T08:00:00,Fraud,Fictional,SYNTHETIC: no real incident,low,demo,12.968697,77.597789,KA,Bengaluru,DEMO-STATION-1,synthetic-generator-v1
DEMO-007227,2026-01-30T18:00:00,2026-01-30T20:00:00,Burglary,Fictional,SYNTHETIC: no real incident,critical,demo,12.972133,77.591439,KA,Bengaluru,DEMO-STATION-1,synthetic-generator-v1
DEMO-007228,2026-01-30T10:00:00,2026-01-30T12:00:00,Burglary,Fictional,SYNTHETIC: no real incident,low,demo,12.973532,77.591554,KA,Bengaluru,DEMO-STATION-1,synthetic-generator-v1
DEMO-007229,2026-01-26T12:00:00,2026-01-26T14:00:00,Theft,Fictional,SYNTHETIC: no real incident,medium,demo,12.296739,76.636959,KA,Mysuru,DEMO-STATION-2,synthetic-generator-v1
DEMO-007230,2026-02-01T20:00:00,2026-02-01T22:00:00,Theft,Fictional,SYNTHETIC: no real incident,high,demo,12.294245,76.638669,KA,Mysuru,DEMO-STATION-2,synthetic-generator-v1
DEMO-007231,2026-01-28T17:00:00,2026-01-28T19:00:00,Theft,Fictional,SYNTHETIC: no real incident,medium,demo,12.293795,76.642466,KA,Mysuru,DEMO-STATION-2,synthetic-generator-v1
DEMO-007232,2026-02-01T15:00:00,2026-02-01T17:00:00,Fraud,Fictional,SYNTHETIC: no real incident,high,demo,12.300797,76.644388,KA,Mysuru,DEMO-STATION-2,synthetic-generator-v1
DEMO-007233,2026-01-29T05:00:00,2026-01-29T07:00:00,Burglary,Fictional,SYNTHETIC: no real incident,critical,demo,12.293298,76.643046,KA,Mysuru,DEMO-STATION-2,synthetic-generator-v1
DEMO-007234,2026-01-30T07:00:00,2026-01-30T09:00:00,Theft,Fictional,SYNTHETIC: no real incident,critical,demo,12.911374,74.859545,KA,Mangaluru,DEMO-STATION-3,synthetic-generator-v1
DEMO-007235,2026-01-29T09:00:00,2026-01-29T11:00:00,Theft,Fictional,SYNTHETIC: no real incident,low,demo,12.917413,74.853126,KA,Mangaluru,DEMO-STATION-3,synthetic-generator-v1
DEMO-007236,2026-02-01T09:00:00,2026-02-01T11:00:00,Theft,Fictional,SYNTHETIC: no real incident,critical,demo,12.910305,74.852747,KA,Mangaluru,DEMO-STATION-3,synthetic-generator-v1
DEMO-007237,2026-01-29T01:00:00,2026-01-29T03:00:00,Fraud,Fictional,SYNTHETIC: no real incident,critical,demo,12.916444,74.852122,KA,Mangaluru,DEMO-STATION-3,synthetic-generator-v1
DEMO-007238,2026-01-31T03:00:00,2026-01-31T05:00:00,Fraud,Fictional,SYNTHETIC: no real incident,medium,demo,12.912873,74.857197,KA,Mangaluru,DEMO-STATION-3,synthetic-generator-v1
DEMO-007239,2026-01-26T16:00:00,2026-01-26T18:00:00,Burglary,Fictional,SYNTHETIC: no real incident,critical,demo,12.91731,74.860395,KA,Mangaluru,DEMO-STATION-3,synthetic-generator-v1
DEMO-007240,2026-01-27T08:00:00,2026-01-27T10:00:00,Theft,Fictional,SYNTHETIC: no real incident,high,demo,15.368242,75.120628,KA,Hubballi,DEMO-STATION-4,synthetic-generator-v1
DEMO-007241,2026-02-01T05:00:00,2026-02-01T07:00:00,Theft,Fictional,SYNTHETIC: no real incident,critical,demo,15.360436,75.120682,KA,Hubballi,DEMO-STATION-4,synthetic-generator-v1
DEMO-007242,2026-01-30T18:00:00,2026-01-30T20:00:00,Theft,Fictional,SYNTHETIC: no real incident,medium,demo,15.367246,75.119364,KA,Hubballi,DEMO-STATION-4,synthetic-generator-v1
DEMO-007243,2026-01-28T17:00:00,2026-01-28T19:00:00,Fraud,Fictional,SYNTHETIC: no real incident,medium,demo,15.363806,75.128587,KA,Hubballi,DEMO-STATION-4,synthetic-generator-v1
DEMO-007244,2026-01-31T18:00:00,2026-01-31T20:00:00,Fraud,Fictional,SYNTHETIC: no real incident,critical,demo,15.363012,75.125623,KA,Hubballi,DEMO-STATION-4,synthetic-generator-v1
DEMO-007245,2026-02-01T05:00:00,2026-02-01T07:00:00,Burglary,Fictional,SYNTHETIC: no real incident,high,demo,15.368858,75.119544,KA,Hubballi,DEMO-STATION-4,synthetic-generator-v1
DEMO-007246,2026-01-29T10:00:00,2026-01-29T12:00:00,Burglary,Fictional,SYNTHETIC: no real incident,high,demo,15.366629,75.124078,KA,Hubballi,DEMO-STATION-4,synthetic-generator-v1
DEMO-007247,2026-01-27T01:00:00,2026-01-27T03:00:00,Theft,Fictional,SYNTHETIC: no real incident,critical,demo,15.849929,74.496373,KA,Belagavi,DEMO-STATION-5,synthetic-generator-v1
DEMO-007248,2026-01-26T07:00:00,2026-01-26T09:00:00,Theft,Fictional,SYNTHETIC: no real incident,critical,demo,15.849413,74.502399,KA,Belagavi,DEMO-STATION-5,synthetic-generator-v1
DEMO-007249,2026-01-30T23:00:00,2026-01-31T01:00:00,Fraud,Fictional,SYNTHETIC: no real incident,critical,demo,15.845867,74.493376,KA,Belagavi,DEMO-STATION-5,synthetic-generator-v1
DEMO-007250,2026-01-27T06:00:00,2026-01-27T08:00:00,Fraud,Fictional,SYNTHETIC: no real incident,critical,demo,15.847071,74.497057,KA,Belagavi,DEMO-STATION-5,synthetic-generator-v1
DEMO-007251,2026-02-01T16:00:00,2026-02-01T18:00:00,Fraud,Fictional,SYNTHETIC: no real incident,low,demo,15.849179,74.501241,KA,Belagavi,DEMO-STATION-5,synthetic-generator-v1
DEMO-007252,2026-01-28T18:00:00,2026-01-28T20:00:00,Burglary,Fictional,SYNTHETIC: no real incident,medium,demo,15.846448,74.502371,KA,Belagavi,DEMO-STATION-5,synthetic-generator-v1
DEMO-007253,2026-02-01T06:00:00,2026-02-01T08:00:00,Burglary,Fictional,SYNTHETIC: no real incident,medium,demo,15.852322,74.500367,KA,Belagavi,DEMO-STATION-5,synthetic-generator-v1
DEMO-007254,2026-02-01T05:00:00,2026-02-01T07:00:00,Burglary,Fictional,SYNTHETIC: no real incident,medium,demo,15.84776,74.492762,KA,Belagavi,DEMO-STATION-5,synthetic-generator-v1
DEMO-007255,2026-01-31T23:00:00,2026-02-01T01:00:00,Theft,Fictional,SYNTHETIC: no real incident,critical,demo,15.142481,76.925103,KA,Ballari,DEMO-STATION-6,synthetic-generator-v1
DEMO-007256,2026-02-01T16:00:00,2026-02-01T18:00:00,Fraud,Fictional,SYNTHETIC: no real incident,high,demo,15.14226,76.922839,KA,Ballari,DEMO-STATION-6,synthetic-generator-v1
DEMO-007257,2026-01-27T01:00:00,2026-01-27T03:00:00,Fraud,Fictional,SYNTHETIC: no real incident,low,demo,15.140716,76.923497,KA,Ballari,DEMO-STATION-6,synthetic-generator-v1
DEMO-007258,2026-01-31T18:00:00,2026-01-31T20:00:00,Fraud,Fictional,SYNTHETIC: no real incident,low,demo,15.140986,76.925554,KA,Ballari,DEMO-STATION-6,synthetic-generator-v1
DEMO-007259,2026-01-27T02:00:00,2026-01-27T04:00:00,Fraud,Fictional,SYNTHETIC: no real incident,critical,demo,15.139029,76.918018,KA,Ballari,DEMO-STATION-6,synthetic-generator-v1
DEMO-007260,2026-01-28T03:00:00,2026-01-28T05:00:00,Burglary,Fictional,SYNTHETIC: no real incident,medium,demo,15.135688,76.917769,KA,Ballari,DEMO-STATION-6,synthetic-generator-v1
DEMO-007261,2026-02-06T23:00:00,2026-02-07T01:00:00,Theft,Fictional,SYNTHETIC: no real incident,low,demo,12.971875,77.592762,KA,Bengaluru,DEMO-STATION-1,synthetic-generator-v1
DEMO-007262,2026-02-06T17:00:00,2026-02-06T19:00:00,Theft,Fictional,SYNTHETIC: no real incident,medium,demo,12.975658,77.59675,KA,Bengaluru,DEMO-STATION-1,synthetic-generator-v1
DEMO-007263,2026-02-02T04:00:00,2026-02-02T06:00:00,Theft,Fictional,SYNTHETIC: no real incident,low,demo,12.968725,77.594615,KA,Bengaluru,DEMO-STATION-1,synthetic-generator-v1
DEMO-007264,2026-02-03T07:00:00,2026-02-03T09:00:00,Theft,Fictional,SYNTHETIC: no real incident,low,demo,12.966737,77.59101,KA,Bengaluru,DEMO-STATION-1,synthetic-generator-v1
DEMO-007265,2026-02-07T21:00:00,2026-02-07T23:00:00,Theft,Fictional,SYNTHETIC: no real incident,critical,demo,12.975316,77.593042,KA,Bengaluru,DEMO-STATION-1,synthetic-generator-v1
DEMO-007266,2026-02-02T19:00:00,2026-02-02T21:00:00,Theft,Fictional,SYNTHETIC: no real incident,high,demo,12.971779,77.59169,KA,Bengaluru,DEMO-STATION-1,synthetic-generator-v1
DEMO-007267,2026-02-02T01:00:00,2026-02-02T03:00:00,Theft,Fictional,SYNTHETIC: no real incident,medium,demo,12.973769,77.597179,KA,Bengaluru,DEMO-STATION-1,synthetic-generator-v1
DEMO-007268,2026-02-05T04:00:00,2026-02-05T06:00:00,Theft,Fictional,SYNTHETIC: no real incident,medium,demo,12.974388,77.589718,KA,Bengaluru,DEMO-STATION-1,synthetic-generator-v1
DEMO-007269,2026-02-03T10:00:00,2026-02-03T12:00:00,Theft,Fictional,SYNTHETIC: no real incident,low,demo,12.968696,77.593893,KA,Bengaluru,DEMO-STATION-1,synthetic-generator-v1
DEMO-007270,2026-02-08T15:00:00,2026-02-08T17:00:00,Fraud,Fictional,SYNTHETIC: no real incident,low,demo,12.974163,77.596297,KA,Bengaluru,DEMO-STATION-1,synthetic-generator-v1
DEMO-007271,2026-02-05T06:00:00,2026-02-05T08:00:00,Fraud,Fictional,SYNTHETIC: no real incident,medium,demo,12.974272,77.595596,KA,Bengaluru,DEMO-STATION-1,synthetic-generator-v1
DEMO-007272,2026-02-04T17:00:00,2026-02-04T19:00:00,Fraud,Fictional,SYNTHETIC: no real incident,medium,demo,12.96941,77.596026,KA,Bengaluru,DEMO-STATION-1,synthetic-generator-v1
DEMO-007273,2026-02-03T05:00:00,2026-02-03T07:00:00,Fraud,Fictional,SYNTHETIC: no real incident,high,demo,12.975511,77.592195,KA,Bengaluru,DEMO-STATION-1,synthetic-generator-v1
DEMO-007274,2026-02-02T21:00:00,2026-02-02T23:00:00,Fraud,Fictional,SYNTHETIC: no real incident,critical,demo,12.973027,77.59619,KA,Bengaluru,DEMO-STATION-1,synthetic-generator-v1
DEMO-007275,2026-02-06T00:00:00,2026-02-06T02:00:00,Fraud,Fictional,SYNTHETIC: no real incident,high,demo,12.970263,77.591135,KA,Bengaluru,DEMO-STATION-1,synthetic-generator-v1
DEMO-007276,2026-02-04T03:00:00,2026-02-04T05:00:00,Fraud,Fictional,SYNTHETIC: no real incident,high,demo,12.972324,77.596322,KA,Bengaluru,DEMO-STATION-1,synthetic-generator-v1
DEMO-007277,2026-02-06T04:00:00,2026-02-06T06:00:00,Fraud,Fictional,SYNTHETIC: no real incident,low,demo,12.974352,77.5967,KA,Bengaluru,DEMO-STATION-1,synthetic-generator-v1
DEMO-007278,2026-02-06T16:00:00,2026-02-06T18:00:00,Fraud,Fictional,SYNTHETIC: no real incident,low,demo,12.971006,77.591252,KA,Bengaluru,DEMO-STATION-1,synthetic-generator-v1
DEMO-007279,2026-02-03T18:00:00,2026-02-03T20:00:00,Fraud,Fictional,SYNTHETIC: no real incident,low,demo,12.968489,77.596896,KA,Bengaluru,DEMO-STATION-1,synthetic-generator-v1
DEMO-007280,2026-02-08T16:00:00,2026-02-08T18:00:00,Fraud,Fictional,SYNTHETIC: no real incident,low,demo,12.966952,77.596346,KA,Bengaluru,DEMO-STATION-1,synthetic-generator-v1
DEMO-007281,2026-02-08T15:00:00,2026-02-08T17:00:00,Fraud,Fictional,SYNTHETIC: no real incident,low,demo,12.9744,77.593413,KA,Bengaluru,DEMO-STATION-1,synthetic-generator-v1
DEMO-007282,2026-02-05T17:00:00,2026-02-05T19:00:00,Fraud,Fictional,SYNTHETIC: no real incident,critical,demo,12.972539,77.592093,KA,Bengaluru,DEMO-STATION-1,synthetic-generator-v1
DEMO-007283,2026-02-02T19:00:00,2026-02-02T21:00:00,Fraud,Fictional,SYNTHETIC: no real incident,critical,demo,12.971859,77.593872,KA,Bengaluru,DEMO-STATION-1,synthetic-generator-v1
DEMO-007284,2026-02-07T22:00:00,2026-02-08T00:00:00,Burglary,Fictional,SYNTHETIC: no real incident,low,demo,12.976387,77.595015,KA,Bengaluru,DEMO-STATION-1,synthetic-generator-v1
DEMO-007285,2026-02-05T06:00:00,2026-02-05T08:00:00,Burglary,Fictional,SYNTHETIC: no real incident,low,demo,12.971805,77.595722,KA,Bengaluru,DEMO-STATION-1,synthetic-generator-v1
DEMO-007286,2026-02-06T04:00:00,2026-02-06T06:00:00,Burglary,Fictional,SYNTHETIC: no real incident,medium,demo,12.967125,77.594151,KA,Bengaluru,DEMO-STATION-1,synthetic-generator-v1
DEMO-007287,2026-02-07T17:00:00,2026-02-07T19:00:00,Burglary,Fictional,SYNTHETIC: no real incident,medium,demo,12.969505,77.595325,KA,Bengaluru,DEMO-STATION-1,synthetic-generator-v1
DEMO-007288,2026-02-02T09:00:00,2026-02-02T11:00:00,Burglary,Fictional,SYNTHETIC: no real incident,low,demo,12.971041,77.597082,KA,Bengaluru,DEMO-STATION-1,synthetic-generator-v1
DEMO-007289,2026-02-08T20:00:00,2026-02-08T22:00:00,Burglary,Fictional,SYNTHETIC: no real incident,medium,demo,12.971609,77.591936,KA,Bengaluru,DEMO-STATION-1,synthetic-generator-v1
DEMO-007290,2026-02-05T05:00:00,2026-02-05T07:00:00,Burglary,Fictional,SYNTHETIC: no real incident,critical,demo,12.969267,77.590689,KA,Bengaluru,DEMO-STATION-1,synthetic-generator-v1
DEMO-007291,2026-02-04T00:00:00,2026-02-04T02:00:00,Burglary,Fictional,SYNTHETIC: no real incident,medium,demo,12.975635,77.594234,KA,Bengaluru,DEMO-STATION-1,synthetic-generator-v1
DEMO-007292,2026-02-05T15:00:00,2026-02-05T17:00:00,Burglary,Fictional,SYNTHETIC: no real incident,medium,demo,12.972256,77.598432,KA,Bengaluru,DEMO-STATION-1,synthetic-generator-v1
DEMO-007293,2026-02-06T12:00:00,2026-02-06T14:00:00,Burglary,Fictional,SYNTHETIC: no real incident,critical,demo,12.9668,77.598995,KA,Bengaluru,DEMO-STATION-1,synthetic-generator-v1
DEMO-007294,2026-02-02T06:00:00,2026-02-02T08:00:00,Burglary,Fictional,SYNTHETIC: no real incident,critical,demo,12.967067,77.591577,KA,Bengaluru,DEMO-STATION-1,synthetic-generator-v1
DEMO-007295,2026-02-04T04:00:00,2026-02-04T06:00:00,Burglary,Fictional,SYNTHETIC: no real incident,critical,demo,12.969543,77.595082,KA,Bengaluru,DEMO-STATION-1,synthetic-generator-v1
DEMO-007296,2026-02-06T13:00:00,2026-02-06T15:00:00,Burglary,Fictional,SYNTHETIC: no real incident,medium,demo,12.966661,77.589868,KA,Bengaluru,DEMO-STATION-1,synthetic-generator-v1
DEMO-007297,2026-02-06T12:00:00,2026-02-06T14:00:00,Burglary,Fictional,SYNTHETIC: no real incident,critical,demo,12.973922,77.596499,KA,Bengaluru,DEMO-STATION-1,synthetic-generator-v1
DEMO-007298,2026-02-04T09:00:00,2026-02-04T11:00:00,Burglary,Fictional,SYNTHETIC: no real incident,high,demo,12.966761,77.594651,KA,Bengaluru,DEMO-STATION-1,synthetic-generator-v1
DEMO-007299,2026-02-03T20:00:00,2026-02-03T22:00:00,Burglary,Fictional,SYNTHETIC: no real incident,medium,demo,12.967761,77.598036,KA,Bengaluru,DEMO-STATION-1,synthetic-generator-v1
DEMO-007300,2026-02-02T08:00:00,2026-02-02T10:00:00,Theft,Fictional,SYNTHETIC: no real incident,medium,demo,12.299882,76.642873,KA,Mysuru,DEMO-STATION-2,synthetic-generator-v1
DEMO-007301,2026-02-06T21:00:00,2026-02-06T23:00:00,Theft,Fictional,SYNTHETIC: no real incident,low,demo,12.297811,76.638287,KA,Mysuru,DEMO-STATION-2,synthetic-generator-v1
DEMO-007302,2026-02-05T19:00:00,2026-02-05T21:00:00,Theft,Fictional,SYNTHETIC: no real incident,low,demo,12.291353,76.635367,KA,Mysuru,DEMO-STATION-2,synthetic-generator-v1
DEMO-007303,2026-02-07T18:00:00,2026-02-07T20:00:00,Theft,Fictional,SYNTHETIC: no real incident,medium,demo,12.29623,76.642483,KA,Mysuru,DEMO-STATION-2,synthetic-generator-v1
DEMO-007304,2026-02-02T01:00:00,2026-02-02T03:00:00,Theft,Fictional,SYNTHETIC: no real incident,critical,demo,12.291411,76.640456,KA,Mysuru,DEMO-STATION-2,synthetic-generator-v1
DEMO-007305,2026-02-07T12:00:00,2026-02-07T14:00:00,Theft,Fictional,SYNTHETIC: no real incident,high,demo,12.29664,76.635105,KA,Mysuru,DEMO-STATION-2,synthetic-generator-v1
DEMO-007306,2026-02-06T15:00:00,2026-02-06T17:00:00,Theft,Fictional,SYNTHETIC: no real incident,low,demo,12.292194,76.641288,KA,Mysuru,DEMO-STATION-2,synthetic-generator-v1
DEMO-007307,2026-02-02T23:00:00,2026-02-03T01:00:00,Theft,Fictional,SYNTHETIC: no real incident,high,demo,12.296685,76.636369,KA,Mysuru,DEMO-STATION-2,synthetic-generator-v1
DEMO-007308,2026-02-07T13:00:00,2026-02-07T15:00:00,Theft,Fictional,SYNTHETIC: no real incident,low,demo,12.29584,76.636417,KA,Mysuru,DEMO-STATION-2,synthetic-generator-v1
DEMO-007309,2026-02-07T05:00:00,2026-02-07T07:00:00,Theft,Fictional,SYNTHETIC: no real incident,low,demo,12.300176,76.63583,KA,Mysuru,DEMO-STATION-2,synthetic-generator-v1
DEMO-007310,2026-02-06T08:00:00,2026-02-06T10:00:00,Theft,Fictional,SYNTHETIC: no real incident,high,demo,12.300761,76.640646,KA,Mysuru,DEMO-STATION-2,synthetic-generator-v1
DEMO-007311,2026-02-08T11:00:00,2026-02-08T13:00:00,Fraud,Fictional,SYNTHETIC: no real incident,high,demo,12.30025,76.639296,KA,Mysuru,DEMO-STATION-2,synthetic-generator-v1
DEMO-007312,2026-02-08T06:00:00,2026-02-08T08:00:00,Fraud,Fictional,SYNTHETIC: no real incident,critical,demo,12.294798,76.635156,KA,Mysuru,DEMO-STATION-2,synthetic-generator-v1
DEMO-007313,2026-02-06T05:00:00,2026-02-06T07:00:00,Fraud,Fictional,SYNTHETIC: no real incident,high,demo,12.29408,76.64082,KA,Mysuru,DEMO-STATION-2,synthetic-generator-v1
DEMO-007314,2026-02-06T22:00:00,2026-02-07T00:00:00,Fraud,Fictional,SYNTHETIC: no real incident,critical,demo,12.296509,76.637812,KA,Mysuru,DEMO-STATION-2,synthetic-generator-v1
DEMO-007315,2026-02-08T22:00:00,2026-02-09T00:00:00,Fraud,Fictional,SYNTHETIC: no real incident,low,demo,12.300455,76.637431,KA,Mysuru,DEMO-STATION-2,synthetic-generator-v1
DEMO-007316,2026-02-06T19:00:00,2026-02-06T21:00:00,Fraud,Fictional,SYNTHETIC: no real incident,low,demo,12.300237,76.639412,KA,Mysuru,DEMO-STATION-2,synthetic-generator-v1
DEMO-007317,2026-02-03T10:00:00,2026-02-03T12:00:00,Fraud,Fictional,SYNTHETIC: no real incident,low,demo,12.296164,76.636422,KA,Mysuru,DEMO-STATION-2,synthetic-generator-v1
DEMO-007318,2026-02-04T23:00:00,2026-02-05T01:00:00,Fraud,Fictional,SYNTHETIC: no real incident,medium,demo,12.291987,76.637886,KA,Mysuru,DEMO-STATION-2,synthetic-generator-v1
DEMO-007319,2026-02-07T05:00:00,2026-02-07T07:00:00,Burglary,Fictional,SYNTHETIC: no real incident,high,demo,12.292914,76.635659,KA,Mysuru,DEMO-STATION-2,synthetic-generator-v1
DEMO-007320,2026-02-04T07:00:00,2026-02-04T09:00:00,Burglary,Fictional,SYNTHETIC: no real incident,critical,demo,12.297681,76.64219,KA,Mysuru,DEMO-STATION-2,synthetic-generator-v1
DEMO-007321,2026-02-07T00:00:00,2026-02-07T02:00:00,Burglary,Fictional,SYNTHETIC: no real incident,medium,demo,12.297814,76.635683,KA,Mysuru,DEMO-STATION-2,synthetic-generator-v1
DEMO-007322,2026-02-07T04:00:00,2026-02-07T06:00:00,Burglary,Fictional,SYNTHETIC: no real incident,critical,demo,12.293289,76.639346,KA,Mysuru,DEMO-STATION-2,synthetic-generator-v1
DEMO-007323,2026-02-03T23:00:00,2026-02-04T01:00:00,Burglary,Fictional,SYNTHETIC: no real incident,low,demo,12.291752,76.636096,KA,Mysuru,DEMO-STATION-2,synthetic-generator-v1
DEMO-007324,2026-02-03T16:00:00,2026-02-03T18:00:00,Burglary,Fictional,SYNTHETIC: no real incident,low,demo,12.291991,76.640362,KA,Mysuru,DEMO-STATION-2,synthetic-generator-v1
DEMO-007325,2026-02-04T12:00:00,2026-02-04T14:00:00,Burglary,Fictional,SYNTHETIC: no real incident,medium,demo,12.298361,76.635794,KA,Mysuru,DEMO-STATION-2,synthetic-generator-v1
DEMO-007326,2026-02-03T07:00:00,2026-02-03T09:00:00,Burglary,Fictional,SYNTHETIC: no real incident,medium,demo,12.299525,76.637242,KA,Mysuru,DEMO-STATION-2,synthetic-generator-v1
DEMO-007327,2026-02-06T06:00:00,2026-02-06T08:00:00,Burglary,Fictional,SYNTHETIC: no real incident,low,demo,12.29664,76.639418,KA,Mysuru,DEMO-STATION-2,synthetic-generator-v1
DEMO-007328,2026-02-04T16:00:00,2026-02-04T18:00:00,Burglary,Fictional,SYNTHETIC: no real incident,high,demo,12.299454,76.642718,KA,Mysuru,DEMO-STATION-2,synthetic-generator-v1
DEMO-007329,2026-02-05T18:00:00,2026-02-05T20:00:00,Burglary,Fictional,SYNTHETIC: no real incident,low,demo,12.29485,76.64152,KA,Mysuru,DEMO-STATION-2,synthetic-generator-v1
DEMO-007330,2026-02-08T06:00:00,2026-02-08T08:00:00,Burglary,Fictional,SYNTHETIC: no real incident,medium,demo,12.292602,76.642814,KA,Mysuru,DEMO-STATION-2,synthetic-generator-v1
DEMO-007331,2026-02-07T12:00:00,2026-02-07T14:00:00,Burglary,Fictional,SYNTHETIC: no real incident,critical,demo,12.298275,76.63621,KA,Mysuru,DEMO-STATION-2,synthetic-generator-v1
DEMO-007332,2026-02-07T16:00:00,2026-02-07T18:00:00,Theft,Fictional,SYNTHETIC: no real incident,low,demo,12.914737,74.852546,KA,Mangaluru,DEMO-STATION-3,synthetic-generator-v1
DEMO-007333,2026-02-06T08:00:00,2026-02-06T10:00:00,Theft,Fictional,SYNTHETIC: no real incident,high,demo,12.918619,74.853167,KA,Mangaluru,DEMO-STATION-3,synthetic-generator-v1
DEMO-007334,2026-02-06T10:00:00,2026-02-06T12:00:00,Theft,Fictional,SYNTHETIC: no real incident,critical,demo,12.917142,74.859178,KA,Mangaluru,DEMO-STATION-3,synthetic-generator-v1
DEMO-007335,2026-02-08T03:00:00,2026-02-08T05:00:00,Theft,Fictional,SYNTHETIC: no real incident,high,demo,12.916858,74.85758,KA,Mangaluru,DEMO-STATION-3,synthetic-generator-v1
DEMO-007336,2026-02-06T01:00:00,2026-02-06T03:00:00,Theft,Fictional,SYNTHETIC: no real incident,high,demo,12.918992,74.854208,KA,Mangaluru,DEMO-STATION-3,synthetic-generator-v1
DEMO-007337,2026-02-08T04:00:00,2026-02-08T06:00:00,Theft,Fictional,SYNTHETIC: no real incident,medium,demo,12.911309,74.857358,KA,Mangaluru,DEMO-STATION-3,synthetic-generator-v1
DEMO-007338,2026-02-02T03:00:00,2026-02-02T05:00:00,Theft,Fictional,SYNTHETIC: no real incident,critical,demo,12.913634,74.860904,KA,Mangaluru,DEMO-STATION-3,synthetic-generator-v1
DEMO-007339,2026-02-02T02:00:00,2026-02-02T04:00:00,Theft,Fictional,SYNTHETIC: no real incident,medium,demo,12.914956,74.857044,KA,Mangaluru,DEMO-STATION-3,synthetic-generator-v1
DEMO-007340,2026-02-07T23:00:00,2026-02-08T01:00:00,Theft,Fictional,SYNTHETIC: no real incident,critical,demo,12.918648,74.858394,KA,Mangaluru,DEMO-STATION-3,synthetic-generator-v1
DEMO-007341,2026-02-08T06:00:00,2026-02-08T08:00:00,Theft,Fictional,SYNTHETIC: no real incident,medium,demo,12.91848,74.851516,KA,Mangaluru,DEMO-STATION-3,synthetic-generator-v1
DEMO-007342,2026-02-02T12:00:00,2026-02-02T14:00:00,Theft,Fictional,SYNTHETIC: no real incident,critical,demo,12.909777,74.854935,KA,Mangaluru,DEMO-STATION-3,synthetic-generator-v1
DEMO-007343,2026-02-06T03:00:00,2026-02-06T05:00:00,Fraud,Fictional,SYNTHETIC: no real incident,low,demo,12.918401,74.860693,KA,Mangaluru,DEMO-STATION-3,synthetic-generator-v1
DEMO-007344,2026-02-05T12:00:00,2026-02-05T14:00:00,Fraud,Fictional,SYNTHETIC: no real incident,medium,demo,12.913549,74.856448,KA,Mangaluru,DEMO-STATION-3,synthetic-generator-v1
DEMO-007345,2026-02-07T03:00:00,2026-02-07T05:00:00,Fraud,Fictional,SYNTHETIC: no real incident,high,demo,12.912029,74.856769,KA,Mangaluru,DEMO-STATION-3,synthetic-generator-v1
DEMO-007346,2026-02-04T20:00:00,2026-02-04T22:00:00,Fraud,Fictional,SYNTHETIC: no real incident,high,demo,12.91512,74.852585,KA,Mangaluru,DEMO-STATION-3,synthetic-generator-v1
DEMO-007347,2026-02-04T15:00:00,2026-02-04T17:00:00,Fraud,Fictional,SYNTHETIC: no real incident,medium,demo,12.909241,74.860131,KA,Mangaluru,DEMO-STATION-3,synthetic-generator-v1
DEMO-007348,2026-02-07T08:00:00,2026-02-07T10:00:00,Fraud,Fictional,SYNTHETIC: no real incident,critical,demo,12.915965,74.853148,KA,Mangaluru,DEMO-STATION-3,synthetic-generator-v1
DEMO-007349,2026-02-04T22:00:00,2026-02-05T00:00:00,Fraud,Fictional,SYNTHETIC: no real incident,high,demo,12.914265,74.859368,KA,Mangaluru,DEMO-STATION-3,synthetic-generator-v1
DEMO-007350,2026-02-03T04:00:00,2026-02-03T06:00:00,Fraud,Fictional,SYNTHETIC: no real incident,high,demo,12.911065,74.852354,KA,Mangaluru,DEMO-STATION-3,synthetic-generator-v1
DEMO-007351,2026-02-08T02:00:00,2026-02-08T04:00:00,Fraud,Fictional,SYNTHETIC: no real incident,medium,demo,12.91046,74.859847,KA,Mangaluru,DEMO-STATION-3,synthetic-generator-v1
DEMO-007352,2026-02-06T17:00:00,2026-02-06T19:00:00,Fraud,Fictional,SYNTHETIC: no real incident,high,demo,12.910083,74.854048,KA,Mangaluru,DEMO-STATION-3,synthetic-generator-v1
DEMO-007353,2026-02-03T16:00:00,2026-02-03T18:00:00,Fraud,Fictional,SYNTHETIC: no real incident,low,demo,12.909748,74.852389,KA,Mangaluru,DEMO-STATION-3,synthetic-generator-v1
DEMO-007354,2026-02-06T15:00:00,2026-02-06T17:00:00,Fraud,Fictional,SYNTHETIC: no real incident,high,demo,12.914323,74.853681,KA,Mangaluru,DEMO-STATION-3,synthetic-generator-v1
DEMO-007355,2026-02-06T08:00:00,2026-02-06T10:00:00,Burglary,Fictional,SYNTHETIC: no real incident,high,demo,12.916364,74.855279,KA,Mangaluru,DEMO-STATION-3,synthetic-generator-v1
DEMO-007356,2026-02-03T08:00:00,2026-02-03T10:00:00,Burglary,Fictional,SYNTHETIC: no real incident,high,demo,12.909864,74.858291,KA,Mangaluru,DEMO-STATION-3,synthetic-generator-v1
DEMO-007357,2026-02-04T13:00:00,2026-02-04T15:00:00,Burglary,Fictional,SYNTHETIC: no real incident,critical,demo,12.909877,74.856659,KA,Mangaluru,DEMO-STATION-3,synthetic-generator-v1
DEMO-007358,2026-02-04T13:00:00,2026-02-04T15:00:00,Burglary,Fictional,SYNTHETIC: no real incident,high,demo,12.918875,74.854655,KA,Mangaluru,DEMO-STATION-3,synthetic-generator-v1
DEMO-007359,2026-02-02T21:00:00,2026-02-02T23:00:00,Burglary,Fictional,SYNTHETIC: no real incident,low,demo,12.917435,74.860064,KA,Mangaluru,DEMO-STATION-3,synthetic-generator-v1
DEMO-007360,2026-02-05T09:00:00,2026-02-05T11:00:00,Burglary,Fictional,SYNTHETIC: no real incident,low,demo,12.909915,74.856084,KA,Mangaluru,DEMO-STATION-3,synthetic-generator-v1
DEMO-007361,2026-02-04T09:00:00,2026-02-04T11:00:00,Burglary,Fictional,SYNTHETIC: no real incident,high,demo,12.909536,74.853706,KA,Mangaluru,DEMO-STATION-3,synthetic-generator-v1
DEMO-007362,2026-02-06T08:00:00,2026-02-06T10:00:00,Burglary,Fictional,SYNTHETIC: no real incident,high,demo,12.911831,74.857816,KA,Mangaluru,DEMO-STATION-3,synthetic-generator-v1
DEMO-007363,2026-02-07T17:00:00,2026-02-07T19:00:00,Burglary,Fictional,SYNTHETIC: no real incident,low,demo,12.913533,74.859866,KA,Mangaluru,DEMO-STATION-3,synthetic-generator-v1
DEMO-007364,2026-02-06T09:00:00,2026-02-06T11:00:00,Burglary,Fictional,SYNTHETIC: no real incident,high,demo,12.915268,74.856636,KA,Mangaluru,DEMO-STATION-3,synthetic-generator-v1
DEMO-007365,2026-02-04T08:00:00,2026-02-04T10:00:00,Burglary,Fictional,SYNTHETIC: no real incident,low,demo,12.915983,74.854496,KA,Mangaluru,DEMO-STATION-3,synthetic-generator-v1
DEMO-007366,2026-02-05T05:00:00,2026-02-05T07:00:00,Theft,Fictional,SYNTHETIC: no real incident,critical,demo,15.367454,75.128278,KA,Hubballi,DEMO-STATION-4,synthetic-generator-v1
DEMO-007367,2026-02-06T06:00:00,2026-02-06T08:00:00,Theft,Fictional,SYNTHETIC: no real incident,low,demo,15.366613,75.125844,KA,Hubballi,DEMO-STATION-4,synthetic-generator-v1
DEMO-007368,2026-02-04T10:00:00,2026-02-04T12:00:00,Theft,Fictional,SYNTHETIC: no real incident,medium,demo,15.368814,75.124912,KA,Hubballi,DEMO-STATION-4,synthetic-generator-v1
DEMO-007369,2026-02-08T21:00:00,2026-02-08T23:00:00,Theft,Fictional,SYNTHETIC: no real incident,medium,demo,15.361775,75.123528,KA,Hubballi,DEMO-STATION-4,synthetic-generator-v1
DEMO-007370,2026-02-05T12:00:00,2026-02-05T14:00:00,Theft,Fictional,SYNTHETIC: no real incident,critical,demo,15.368575,75.123189,KA,Hubballi,DEMO-STATION-4,synthetic-generator-v1
DEMO-007371,2026-02-02T23:00:00,2026-02-03T01:00:00,Theft,Fictional,SYNTHETIC: no real incident,medium,demo,15.366718,75.128687,KA,Hubballi,DEMO-STATION-4,synthetic-generator-v1
DEMO-007372,2026-02-05T17:00:00,2026-02-05T19:00:00,Theft,Fictional,SYNTHETIC: no real incident,low,demo,15.361642,75.124119,KA,Hubballi,DEMO-STATION-4,synthetic-generator-v1
DEMO-007373,2026-02-07T15:00:00,2026-02-07T17:00:00,Theft,Fictional,SYNTHETIC: no real incident,medium,demo,15.362025,75.122219,KA,Hubballi,DEMO-STATION-4,synthetic-generator-v1
DEMO-007374,2026-02-06T22:00:00,2026-02-07T00:00:00,Theft,Fictional,SYNTHETIC: no real incident,medium,demo,15.366085,75.120692,KA,Hubballi,DEMO-STATION-4,synthetic-generator-v1
DEMO-007375,2026-02-08T20:00:00,2026-02-08T22:00:00,Theft,Fictional,SYNTHETIC: no real incident,high,demo,15.361191,75.12597,KA,Hubballi,DEMO-STATION-4,synthetic-generator-v1
DEMO-007376,2026-02-04T12:00:00,2026-02-04T14:00:00,Theft,Fictional,SYNTHETIC: no real incident,low,demo,15.367824,75.124011,KA,Hubballi,DEMO-STATION-4,synthetic-generator-v1
DEMO-007377,2026-02-03T03:00:00,2026-02-03T05:00:00,Theft,Fictional,SYNTHETIC: no real incident,critical,demo,15.369129,75.124122,KA,Hubballi,DEMO-STATION-4,synthetic-generator-v1
DEMO-007378,2026-02-05T08:00:00,2026-02-05T10:00:00,Theft,Fictional,SYNTHETIC: no real incident,high,demo,15.3641,75.119209,KA,Hubballi,DEMO-STATION-4,synthetic-generator-v1
DEMO-007379,2026-02-07T07:00:00,2026-02-07T09:00:00,Theft,Fictional,SYNTHETIC: no real incident,medium,demo,15.365043,75.12455,KA,Hubballi,DEMO-STATION-4,synthetic-generator-v1
DEMO-007380,2026-02-04T10:00:00,2026-02-04T12:00:00,Theft,Fictional,SYNTHETIC: no real incident,high,demo,15.362556,75.119475,KA,Hubballi,DEMO-STATION-4,synthetic-generator-v1
DEMO-007381,2026-02-06T13:00:00,2026-02-06T15:00:00,Theft,Fictional,SYNTHETIC: no real incident,low,demo,15.365193,75.126915,KA,Hubballi,DEMO-STATION-4,synthetic-generator-v1
DEMO-007382,2026-02-02T23:00:00,2026-02-03T01:00:00,Fraud,Fictional,SYNTHETIC: no real incident,medium,demo,15.364076,75.123038,KA,Hubballi,DEMO-STATION-4,synthetic-generator-v1
DEMO-007383,2026-02-06T22:00:00,2026-02-07T00:00:00,Fraud,Fictional,SYNTHETIC: no real incident,critical,demo,15.36133,75.123441,KA,Hubballi,DEMO-STATION-4,synthetic-generator-v1
DEMO-007384,2026-02-06T08:00:00,2026-02-06T10:00:00,Fraud,Fictional,SYNTHETIC: no real incident,medium,demo,15.367323,75.128777,KA,Hubballi,DEMO-STATION-4,synthetic-generator-v1
DEMO-007385,2026-02-03T04:00:00,2026-02-03T06:00:00,Fraud,Fictional,SYNTHETIC: no real incident,medium,demo,15.36396,75.126329,KA,Hubballi,DEMO-STATION-4,synthetic-generator-v1
DEMO-007386,2026-02-05T19:00:00,2026-02-05T21:00:00,Fraud,Fictional,SYNTHETIC: no real incident,critical,demo,15.36544,75.125768,KA,Hubballi,DEMO-STATION-4,synthetic-generator-v1
DEMO-007387,2026-02-04T02:00:00,2026-02-04T04:00:00,Fraud,Fictional,SYNTHETIC: no real incident,critical,demo,15.367594,75.124774,KA,Hubballi,DEMO-STATION-4,synthetic-generator-v1
DEMO-007388,2026-02-08T09:00:00,2026-02-08T11:00:00,Fraud,Fictional,SYNTHETIC: no real incident,low,demo,15.360627,75.123844,KA,Hubballi,DEMO-STATION-4,synthetic-generator-v1
DEMO-007389,2026-02-06T20:00:00,2026-02-06T22:00:00,Fraud,Fictional,SYNTHETIC: no real incident,low,demo,15.366647,75.1286,KA,Hubballi,DEMO-STATION-4,synthetic-generator-v1
DEMO-007390,2026-02-02T02:00:00,2026-02-02T04:00:00,Fraud,Fictional,SYNTHETIC: no real incident,low,demo,15.36473,75.12243,KA,Hubballi,DEMO-STATION-4,synthetic-generator-v1
DEMO-007391,2026-02-05T06:00:00,2026-02-05T08:00:00,Fraud,Fictional,SYNTHETIC: no real incident,low,demo,15.363995,75.127913,KA,Hubballi,DEMO-STATION-4,synthetic-generator-v1
DEMO-007392,2026-02-02T09:00:00,2026-02-02T11:00:00,Fraud,Fictional,SYNTHETIC: no real incident,high,demo,15.365737,75.124701,KA,Hubballi,DEMO-STATION-4,synthetic-generator-v1
DEMO-007393,2026-02-03T14:00:00,2026-02-03T16:00:00,Fraud,Fictional,SYNTHETIC: no real incident,medium,demo,15.366586,75.128685,KA,Hubballi,DEMO-STATION-4,synthetic-generator-v1
DEMO-007394,2026-02-03T16:00:00,2026-02-03T18:00:00,Fraud,Fictional,SYNTHETIC: no real incident,medium,demo,15.36319,75.123321,KA,Hubballi,DEMO-STATION-4,synthetic-generator-v1
DEMO-007395,2026-02-05T19:00:00,2026-02-05T21:00:00,Burglary,Fictional,SYNTHETIC: no real incident,medium,demo,15.366007,75.12528,KA,Hubballi,DEMO-STATION-4,synthetic-generator-v1
DEMO-007396,2026-02-07T10:00:00,2026-02-07T12:00:00,Burglary,Fictional,SYNTHETIC: no real incident,high,demo,15.367607,75.125293,KA,Hubballi,DEMO-STATION-4,synthetic-generator-v1
DEMO-007397,2026-02-08T19:00:00,2026-02-08T21:00:00,Burglary,Fictional,SYNTHETIC: no real incident,critical,demo,15.366693,75.120137,KA,Hubballi,DEMO-STATION-4,synthetic-generator-v1
DEMO-007398,2026-02-07T18:00:00,2026-02-07T20:00:00,Burglary,Fictional,SYNTHETIC: no real incident,critical,demo,15.36119,75.124682,KA,Hubballi,DEMO-STATION-4,synthetic-generator-v1
DEMO-007399,2026-02-08T04:00:00,2026-02-08T06:00:00,Burglary,Fictional,SYNTHETIC: no real incident,medium,demo,15.368355,75.120179,KA,Hubballi,DEMO-STATION-4,synthetic-generator-v1
DEMO-007400,2026-02-05T10:00:00,2026-02-05T12:00:00,Burglary,Fictional,SYNTHETIC: no real incident,low,demo,15.366015,75.119674,KA,Hubballi,DEMO-STATION-4,synthetic-generator-v1
DEMO-007401,2026-02-03T10:00:00,2026-02-03T12:00:00,Burglary,Fictional,SYNTHETIC: no real incident,medium,demo,15.362791,75.120614,KA,Hubballi,DEMO-STATION-4,synthetic-generator-v1
DEMO-007402,2026-02-03T18:00:00,2026-02-03T20:00:00,Burglary,Fictional,SYNTHETIC: no real incident,high,demo,15.361497,75.122567,KA,Hubballi,DEMO-STATION-4,synthetic-generator-v1
DEMO-007403,2026-02-02T02:00:00,2026-02-02T04:00:00,Burglary,Fictional,SYNTHETIC: no real incident,critical,demo,15.36586,75.127738,KA,Hubballi,DEMO-STATION-4,synthetic-generator-v1
DEMO-007404,2026-02-06T22:00:00,2026-02-07T00:00:00,Burglary,Fictional,SYNTHETIC: no real incident,medium,demo,15.367255,75.127225,KA,Hubballi,DEMO-STATION-4,synthetic-generator-v1
DEMO-007405,2026-02-03T16:00:00,2026-02-03T18:00:00,Burglary,Fictional,SYNTHETIC: no real incident,critical,demo,15.361849,75.124967,KA,Hubballi,DEMO-STATION-4,synthetic-generator-v1
DEMO-007406,2026-02-08T14:00:00,2026-02-08T16:00:00,Burglary,Fictional,SYNTHETIC: no real incident,high,demo,15.367042,75.124156,KA,Hubballi,DEMO-STATION-4,synthetic-generator-v1
DEMO-007407,2026-02-07T17:00:00,2026-02-07T19:00:00,Theft,Fictional,SYNTHETIC: no real incident,medium,demo,15.850193,74.497703,KA,Belagavi,DEMO-STATION-5,synthetic-generator-v1
DEMO-007408,2026-02-07T08:00:00,2026-02-07T10:00:00,Theft,Fictional,SYNTHETIC: no real incident,high,demo,15.852351,74.499403,KA,Belagavi,DEMO-STATION-5,synthetic-generator-v1
DEMO-007409,2026-02-05T12:00:00,2026-02-05T14:00:00,Theft,Fictional,SYNTHETIC: no real incident,medium,demo,15.852743,74.500675,KA,Belagavi,DEMO-STATION-5,synthetic-generator-v1
DEMO-007410,2026-02-05T11:00:00,2026-02-05T13:00:00,Theft,Fictional,SYNTHETIC: no real incident,critical,demo,15.845414,74.497356,KA,Belagavi,DEMO-STATION-5,synthetic-generator-v1
DEMO-007411,2026-02-03T23:00:00,2026-02-04T01:00:00,Theft,Fictional,SYNTHETIC: no real incident,high,demo,15.851201,74.500493,KA,Belagavi,DEMO-STATION-5,synthetic-generator-v1
DEMO-007412,2026-02-08T00:00:00,2026-02-08T02:00:00,Theft,Fictional,SYNTHETIC: no real incident,high,demo,15.846611,74.499028,KA,Belagavi,DEMO-STATION-5,synthetic-generator-v1
DEMO-007413,2026-02-06T22:00:00,2026-02-07T00:00:00,Theft,Fictional,SYNTHETIC: no real incident,medium,demo,15.847202,74.501157,KA,Belagavi,DEMO-STATION-5,synthetic-generator-v1
DEMO-007414,2026-02-05T04:00:00,2026-02-05T06:00:00,Theft,Fictional,SYNTHETIC: no real incident,critical,demo,15.849371,74.497047,KA,Belagavi,DEMO-STATION-5,synthetic-generator-v1
DEMO-007415,2026-02-07T08:00:00,2026-02-07T10:00:00,Theft,Fictional,SYNTHETIC: no real incident,critical,demo,15.846911,74.494917,KA,Belagavi,DEMO-STATION-5,synthetic-generator-v1
DEMO-007416,2026-02-07T13:00:00,2026-02-07T15:00:00,Theft,Fictional,SYNTHETIC: no real incident,low,demo,15.847071,74.502682,KA,Belagavi,DEMO-STATION-5,synthetic-generator-v1
DEMO-007417,2026-02-07T02:00:00,2026-02-07T04:00:00,Theft,Fictional,SYNTHETIC: no real incident,high,demo,15.845205,74.499212,KA,Belagavi,DEMO-STATION-5,synthetic-generator-v1
DEMO-007418,2026-02-06T07:00:00,2026-02-06T09:00:00,Fraud,Fictional,SYNTHETIC: no real incident,medium,demo,15.850621,74.495797,KA,Belagavi,DEMO-STATION-5,synthetic-generator-v1
DEMO-007419,2026-02-08T09:00:00,2026-02-08T11:00:00,Fraud,Fictional,SYNTHETIC: no real incident,low,demo,15.845649,74.497715,KA,Belagavi,DEMO-STATION-5,synthetic-generator-v1
DEMO-007420,2026-02-03T06:00:00,2026-02-03T08:00:00,Fraud,Fictional,SYNTHETIC: no real incident,critical,demo,15.850333,74.497162,KA,Belagavi,DEMO-STATION-5,synthetic-generator-v1
DEMO-007421,2026-02-04T17:00:00,2026-02-04T19:00:00,Fraud,Fictional,SYNTHETIC: no real incident,critical,demo,15.851008,74.500168,KA,Belagavi,DEMO-STATION-5,synthetic-generator-v1
DEMO-007422,2026-02-07T17:00:00,2026-02-07T19:00:00,Fraud,Fictional,SYNTHETIC: no real incident,high,demo,15.847508,74.501777,KA,Belagavi,DEMO-STATION-5,synthetic-generator-v1
DEMO-007423,2026-02-08T19:00:00,2026-02-08T21:00:00,Fraud,Fictional,SYNTHETIC: no real incident,low,demo,15.846599,74.496614,KA,Belagavi,DEMO-STATION-5,synthetic-generator-v1
DEMO-007424,2026-02-08T19:00:00,2026-02-08T21:00:00,Fraud,Fictional,SYNTHETIC: no real incident,low,demo,15.847385,74.500022,KA,Belagavi,DEMO-STATION-5,synthetic-generator-v1
DEMO-007425,2026-02-08T10:00:00,2026-02-08T12:00:00,Fraud,Fictional,SYNTHETIC: no real incident,critical,demo,15.850562,74.497802,KA,Belagavi,DEMO-STATION-5,synthetic-generator-v1
DEMO-007426,2026-02-05T00:00:00,2026-02-05T02:00:00,Fraud,Fictional,SYNTHETIC: no real incident,critical,demo,15.845559,74.500871,KA,Belagavi,DEMO-STATION-5,synthetic-generator-v1
DEMO-007427,2026-02-02T17:00:00,2026-02-02T19:00:00,Fraud,Fictional,SYNTHETIC: no real incident,medium,demo,15.849942,74.499382,KA,Belagavi,DEMO-STATION-5,synthetic-generator-v1
DEMO-007428,2026-02-08T08:00:00,2026-02-08T10:00:00,Fraud,Fictional,SYNTHETIC: no real incident,low,demo,15.85104,74.497301,KA,Belagavi,DEMO-STATION-5,synthetic-generator-v1
DEMO-007429,2026-02-06T12:00:00,2026-02-06T14:00:00,Fraud,Fictional,SYNTHETIC: no real incident,low,demo,15.851648,74.497139,KA,Belagavi,DEMO-STATION-5,synthetic-generator-v1
DEMO-007430,2026-02-03T09:00:00,2026-02-03T11:00:00,Fraud,Fictional,SYNTHETIC: no real incident,high,demo,15.849153,74.495829,KA,Belagavi,DEMO-STATION-5,synthetic-generator-v1
DEMO-007431,2026-02-07T23:00:00,2026-02-08T01:00:00,Burglary,Fictional,SYNTHETIC: no real incident,high,demo,15.847175,74.500676,KA,Belagavi,DEMO-STATION-5,synthetic-generator-v1
DEMO-007432,2026-02-04T16:00:00,2026-02-04T18:00:00,Burglary,Fictional,SYNTHETIC: no real incident,critical,demo,15.847365,74.492866,KA,Belagavi,DEMO-STATION-5,synthetic-generator-v1
DEMO-007433,2026-02-05T04:00:00,2026-02-05T06:00:00,Burglary,Fictional,SYNTHETIC: no real incident,high,demo,15.846248,74.500456,KA,Belagavi,DEMO-STATION-5,synthetic-generator-v1
DEMO-007434,2026-02-07T02:00:00,2026-02-07T04:00:00,Burglary,Fictional,SYNTHETIC: no real incident,critical,demo,15.84489,74.500037,KA,Belagavi,DEMO-STATION-5,synthetic-generator-v1
DEMO-007435,2026-02-03T21:00:00,2026-02-03T23:00:00,Burglary,Fictional,SYNTHETIC: no real incident,medium,demo,15.84645,74.500889,KA,Belagavi,DEMO-STATION-5,synthetic-generator-v1
DEMO-007436,2026-02-05T01:00:00,2026-02-05T03:00:00,Burglary,Fictional,SYNTHETIC: no real incident,medium,demo,15.84516,74.498284,KA,Belagavi,DEMO-STATION-5,synthetic-generator-v1
DEMO-007437,2026-02-08T12:00:00,2026-02-08T14:00:00,Burglary,Fictional,SYNTHETIC: no real incident,critical,demo,15.848264,74.500977,KA,Belagavi,DEMO-STATION-5,synthetic-generator-v1
DEMO-007438,2026-02-05T11:00:00,2026-02-05T13:00:00,Burglary,Fictional,SYNTHETIC: no real incident,low,demo,15.851317,74.495065,KA,Belagavi,DEMO-STATION-5,synthetic-generator-v1
DEMO-007439,2026-02-08T23:00:00,2026-02-09T01:00:00,Burglary,Fictional,SYNTHETIC: no real incident,low,demo,15.849536,74.500281,KA,Belagavi,DEMO-STATION-5,synthetic-generator-v1
DEMO-007440,2026-02-02T22:00:00,2026-02-03T00:00:00,Burglary,Fictional,SYNTHETIC: no real incident,high,demo,15.852345,74.497466,KA,Belagavi,DEMO-STATION-5,synthetic-generator-v1
DEMO-007441,2026-02-05T22:00:00,2026-02-06T00:00:00,Burglary,Fictional,SYNTHETIC: no real incident,low,demo,15.848333,74.492751,KA,Belagavi,DEMO-STATION-5,synthetic-generator-v1
DEMO-007442,2026-02-03T07:00:00,2026-02-03T09:00:00,Theft,Fictional,SYNTHETIC: no real incident,critical,demo,15.139834,76.919833,KA,Ballari,DEMO-STATION-6,synthetic-generator-v1
DEMO-007443,2026-02-07T02:00:00,2026-02-07T04:00:00,Theft,Fictional,SYNTHETIC: no real incident,critical,demo,15.140911,76.921908,KA,Ballari,DEMO-STATION-6,synthetic-generator-v1
DEMO-007444,2026-02-04T14:00:00,2026-02-04T16:00:00,Theft,Fictional,SYNTHETIC: no real incident,critical,demo,15.137704,76.918438,KA,Ballari,DEMO-STATION-6,synthetic-generator-v1
DEMO-007445,2026-02-06T11:00:00,2026-02-06T13:00:00,Theft,Fictional,SYNTHETIC: no real incident,medium,demo,15.143138,76.923892,KA,Ballari,DEMO-STATION-6,synthetic-generator-v1
DEMO-007446,2026-02-04T19:00:00,2026-02-04T21:00:00,Theft,Fictional,SYNTHETIC: no real incident,low,demo,15.137791,76.919788,KA,Ballari,DEMO-STATION-6,synthetic-generator-v1
DEMO-007447,2026-02-02T20:00:00,2026-02-02T22:00:00,Theft,Fictional,SYNTHETIC: no real incident,medium,demo,15.134826,76.921221,KA,Ballari,DEMO-STATION-6,synthetic-generator-v1
DEMO-007448,2026-02-04T08:00:00,2026-02-04T10:00:00,Theft,Fictional,SYNTHETIC: no real incident,low,demo,15.142532,76.925238,KA,Ballari,DEMO-STATION-6,synthetic-generator-v1
DEMO-007449,2026-02-07T06:00:00,2026-02-07T08:00:00,Theft,Fictional,SYNTHETIC: no real incident,low,demo,15.143186,76.926227,KA,Ballari,DEMO-STATION-6,synthetic-generator-v1
DEMO-007450,2026-02-08T09:00:00,2026-02-08T11:00:00,Theft,Fictional,SYNTHETIC: no real incident,high,demo,15.137688,76.922243,KA,Ballari,DEMO-STATION-6,synthetic-generator-v1
DEMO-007451,2026-02-07T00:00:00,2026-02-07T02:00:00,Fraud,Fictional,SYNTHETIC: no real incident,low,demo,15.143318,76.923187,KA,Ballari,DEMO-STATION-6,synthetic-generator-v1
DEMO-007452,2026-02-03T19:00:00,2026-02-03T21:00:00,Fraud,Fictional,SYNTHETIC: no real incident,medium,demo,15.136979,76.917475,KA,Ballari,DEMO-STATION-6,synthetic-generator-v1
DEMO-007453,2026-02-05T10:00:00,2026-02-05T12:00:00,Fraud,Fictional,SYNTHETIC: no real incident,medium,demo,15.142865,76.916818,KA,Ballari,DEMO-STATION-6,synthetic-generator-v1
DEMO-007454,2026-02-06T01:00:00,2026-02-06T03:00:00,Fraud,Fictional,SYNTHETIC: no real incident,low,demo,15.144171,76.91683,KA,Ballari,DEMO-STATION-6,synthetic-generator-v1
DEMO-007455,2026-02-06T16:00:00,2026-02-06T18:00:00,Fraud,Fictional,SYNTHETIC: no real incident,low,demo,15.135691,76.923077,KA,Ballari,DEMO-STATION-6,synthetic-generator-v1
DEMO-007456,2026-02-02T12:00:00,2026-02-02T14:00:00,Fraud,Fictional,SYNTHETIC: no real incident,high,demo,15.139347,76.92231,KA,Ballari,DEMO-STATION-6,synthetic-generator-v1
DEMO-007457,2026-02-06T07:00:00,2026-02-06T09:00:00,Fraud,Fictional,SYNTHETIC: no real incident,critical,demo,15.137104,76.918781,KA,Ballari,DEMO-STATION-6,synthetic-generator-v1
DEMO-007458,2026-02-03T08:00:00,2026-02-03T10:00:00,Fraud,Fictional,SYNTHETIC: no real incident,high,demo,15.137337,76.924489,KA,Ballari,DEMO-STATION-6,synthetic-generator-v1
DEMO-007459,2026-02-05T16:00:00,2026-02-05T18:00:00,Fraud,Fictional,SYNTHETIC: no real incident,low,demo,15.144138,76.925892,KA,Ballari,DEMO-STATION-6,synthetic-generator-v1
DEMO-007460,2026-02-02T11:00:00,2026-02-02T13:00:00,Fraud,Fictional,SYNTHETIC: no real incident,medium,demo,15.135656,76.922049,KA,Ballari,DEMO-STATION-6,synthetic-generator-v1
DEMO-007461,2026-02-03T10:00:00,2026-02-03T12:00:00,Fraud,Fictional,SYNTHETIC: no real incident,medium,demo,15.139368,76.922392,KA,Ballari,DEMO-STATION-6,synthetic-generator-v1
DEMO-007462,2026-02-07T20:00:00,2026-02-07T22:00:00,Fraud,Fictional,SYNTHETIC: no real incident,medium,demo,15.142703,76.924132,KA,Ballari,DEMO-STATION-6,synthetic-generator-v1
DEMO-007463,2026-02-03T09:00:00,2026-02-03T11:00:00,Fraud,Fictional,SYNTHETIC: no real incident,medium,demo,15.142668,76.922334,KA,Ballari,DEMO-STATION-6,synthetic-generator-v1
DEMO-007464,2026-02-03T04:00:00,2026-02-03T06:00:00,Burglary,Fictional,SYNTHETIC: no real incident,high,demo,15.137271,76.923475,KA,Ballari,DEMO-STATION-6,synthetic-generator-v1
DEMO-007465,2026-02-05T03:00:00,2026-02-05T05:00:00,Burglary,Fictional,SYNTHETIC: no real incident,medium,demo,15.139672,76.919402,KA,Ballari,DEMO-STATION-6,synthetic-generator-v1
DEMO-007466,2026-02-04T15:00:00,2026-02-04T17:00:00,Burglary,Fictional,SYNTHETIC: no real incident,low,demo,15.143314,76.919109,KA,Ballari,DEMO-STATION-6,synthetic-generator-v1
DEMO-007467,2026-02-05T23:00:00,2026-02-06T01:00:00,Burglary,Fictional,SYNTHETIC: no real incident,medium,demo,15.135478,76.918429,KA,Ballari,DEMO-STATION-6,synthetic-generator-v1
DEMO-007468,2026-02-05T00:00:00,2026-02-05T02:00:00,Burglary,Fictional,SYNTHETIC: no real incident,critical,demo,15.134748,76.92112,KA,Ballari,DEMO-STATION-6,synthetic-generator-v1
DEMO-007469,2026-02-06T14:00:00,2026-02-06T16:00:00,Burglary,Fictional,SYNTHETIC: no real incident,low,demo,15.13791,76.921058,KA,Ballari,DEMO-STATION-6,synthetic-generator-v1
DEMO-007470,2026-02-08T22:00:00,2026-02-09T00:00:00,Burglary,Fictional,SYNTHETIC: no real incident,critical,demo,15.137558,76.917885,KA,Ballari,DEMO-STATION-6,synthetic-generator-v1
DEMO-007471,2026-02-04T08:00:00,2026-02-04T10:00:00,Burglary,Fictional,SYNTHETIC: no real incident,low,demo,15.140694,76.917425,KA,Ballari,DEMO-STATION-6,synthetic-generator-v1
